timestamp	db	tiempojuego	evento	key
01/07/2014 13:00:27	84.50	00:00	Inicio Partido	iniciaPT
01/07/2014 13:00:28	85.30	00:01		
01/07/2014 13:00:29	90.50	00:02		
01/07/2014 13:00:30	99.20	00:03		
01/07/2014 13:00:31	98.10	00:04		
01/07/2014 13:00:32	96.30	00:05		
01/07/2014 13:00:33	93.60	00:06		
01/07/2014 13:00:34	88.80	00:07		
01/07/2014 13:00:35	86.80	00:08		
01/07/2014 13:00:36	86.60	00:09		
01/07/2014 13:00:37	86.60	00:10		
01/07/2014 13:00:38	85.60	00:11		
01/07/2014 13:00:39	83.00	00:12		
01/07/2014 13:00:40	84.60	00:13		
01/07/2014 13:00:41	85.60	00:14		
01/07/2014 13:00:42	84.70	00:15		
01/07/2014 13:00:43	81.90	00:16		
01/07/2014 13:00:44	84.70	00:17		
01/07/2014 13:00:45	83.30	00:18		
01/07/2014 13:00:46	84.10	00:19		
01/07/2014 13:00:47	86.30	00:20		
01/07/2014 13:00:48	84.50	00:21		
01/07/2014 13:00:49	82.50	00:22		
01/07/2014 13:00:50	84.40	00:23		
01/07/2014 13:00:51	80.50	00:24		
01/07/2014 13:00:52	85.30	00:25		
01/07/2014 13:00:53	83.30	00:26		
01/07/2014 13:00:54	85.20	00:27		
01/07/2014 13:00:55	83.70	00:28		
01/07/2014 13:00:56	83.60	00:29		
01/07/2014 13:00:57	87.30	00:30		
01/07/2014 13:00:58	84.80	00:31		
01/07/2014 13:00:59	84.30	00:32		
01/07/2014 13:01:00	83.90	00:33		
01/07/2014 13:01:01	85.60	00:34		
01/07/2014 13:01:02	84.30	00:35		
01/07/2014 13:01:03	84.20	00:36		
01/07/2014 13:01:04	85.40	00:37		
01/07/2014 13:01:05	84.20	00:38		
01/07/2014 13:01:06	83.00	00:39		
01/07/2014 13:01:07	84.60	00:40		
01/07/2014 13:01:08	85.60	00:41		
01/07/2014 13:01:09	86.10	00:42		
01/07/2014 13:01:10	85.90	00:43		
01/07/2014 13:01:11	84.30	00:44		
01/07/2014 13:01:12	86.20	00:45		
01/07/2014 13:01:13	85.10	00:46		
01/07/2014 13:01:14	85.20	00:47		
01/07/2014 13:01:15	84.20	00:48		
01/07/2014 13:01:16	83.90	00:49		
01/07/2014 13:01:17	83.80	00:50		
01/07/2014 13:01:18	83.40	00:51		
01/07/2014 13:01:19	85.10	00:52		
01/07/2014 13:01:20	85.10	00:53		
01/07/2014 13:01:21	85.20	00:54		
01/07/2014 13:01:22	84.20	00:55		
01/07/2014 13:01:23	82.50	00:56		
01/07/2014 13:01:24	86.00	00:57		
01/07/2014 13:01:25	84.40	00:58		
01/07/2014 13:01:26	83.40	00:59		
01/07/2014 13:01:27	84.40	01:00		
01/07/2014 13:01:28	84.40	01:01		
01/07/2014 13:01:29	85.00	01:02		
01/07/2014 13:01:30	84.20	01:03		
01/07/2014 13:01:31	84.50	01:04		
01/07/2014 13:01:32	84.00	01:05		
01/07/2014 13:01:33	83.70	01:06		
01/07/2014 13:01:34	85.80	01:07		
01/07/2014 13:01:35	84.00	01:08		
01/07/2014 13:01:36	83.70	01:09		
01/07/2014 13:01:37	85.80	01:10		
01/07/2014 13:01:38	85.80	01:11		
01/07/2014 13:01:39	85.30	01:12		
01/07/2014 13:01:40	79.50	01:13		
01/07/2014 13:01:41	85.40	01:14		
01/07/2014 13:01:42	83.30	01:15		
01/07/2014 13:01:43	84.30	01:16		
01/07/2014 13:01:44	86.40	01:17		
01/07/2014 13:01:45	86.80	01:18		
01/07/2014 13:01:46	89.00	01:19		
01/07/2014 13:01:47	85.70	01:20		
01/07/2014 13:01:48	84.60	01:21		
01/07/2014 13:01:49	84.30	01:22		
01/07/2014 13:01:50	84.70	01:23		
01/07/2014 13:01:51	85.30	01:24		
01/07/2014 13:01:52	83.40	01:25		
01/07/2014 13:01:53	78.80	01:26		
01/07/2014 13:01:54	88.40	01:27		
01/07/2014 13:01:55	89.80	01:28		
01/07/2014 13:01:56	89.30	01:29		
01/07/2014 13:01:57	84.90	01:30		
01/07/2014 13:01:58	83.20	01:31		
01/07/2014 13:01:59	82.60	01:32		
01/07/2014 13:02:00	87.10	01:33		
01/07/2014 13:02:01	85.70	01:34		
01/07/2014 13:02:02	84.80	01:35		
01/07/2014 13:02:03	84.20	01:36		
01/07/2014 13:02:04	84.90	01:37		
01/07/2014 13:02:05	85.50	01:38		
01/07/2014 13:02:06	80.60	01:39		
01/07/2014 13:02:07	87.50	01:40		
01/07/2014 13:02:08	84.00	01:41		
01/07/2014 13:02:09	86.20	01:42		
01/07/2014 13:02:10	79.70	01:43		
01/07/2014 13:02:11	84.50	01:44		
01/07/2014 13:02:12	83.10	01:45		
01/07/2014 13:02:13	88.40	01:46		
01/07/2014 13:02:14	85.00	01:47		
01/07/2014 13:02:15	84.20	01:48		
01/07/2014 13:02:16	86.00	01:49		
01/07/2014 13:02:17	84.70	01:50		
01/07/2014 13:02:18	85.80	01:51		
01/07/2014 13:02:19	84.20	01:52		
01/07/2014 13:02:20	86.60	01:53		
01/07/2014 13:02:21	88.10	01:54		
01/07/2014 13:02:22	83.00	01:55		
01/07/2014 13:02:23	81.90	01:56		
01/07/2014 13:02:24	84.40	01:57		
01/07/2014 13:02:25	85.80	01:58		
01/07/2014 13:02:26	85.60	01:59		
01/07/2014 13:02:27	86.40	02:00		
01/07/2014 13:02:28	85.70	02:01		
01/07/2014 13:02:29	87.40	02:02		
01/07/2014 13:02:30	85.50	02:03		
01/07/2014 13:02:31	85.60	02:04		
01/07/2014 13:02:32	85.60	02:05		
01/07/2014 13:02:33	86.80	02:06		
01/07/2014 13:02:34	85.70	02:07		
01/07/2014 13:02:35	86.10	02:08		
01/07/2014 13:02:36	88.20	02:09		
01/07/2014 13:02:37	89.10	02:10		
01/07/2014 13:02:38	90.60	02:11		
01/07/2014 13:02:39	86.90	02:12		
01/07/2014 13:02:40	85.20	02:13		
01/07/2014 13:02:41	85.70	02:14		
01/07/2014 13:02:42	82.90	02:15		
01/07/2014 13:02:43	85.60	02:16		
01/07/2014 13:02:44	86.60	02:17		
01/07/2014 13:02:45	84.00	02:18		
01/07/2014 13:02:46	84.70	02:19		
01/07/2014 13:02:47	85.00	02:20		
01/07/2014 13:02:48	87.00	02:21		
01/07/2014 13:02:49	84.20	02:22		
01/07/2014 13:02:50	84.00	02:23		
01/07/2014 13:02:51	87.10	02:24		
01/07/2014 13:02:52	85.00	02:25		
01/07/2014 13:02:53	86.60	02:26		
01/07/2014 13:02:54	87.50	02:27		
01/07/2014 13:02:55	87.00	02:28		
01/07/2014 13:02:56	86.30	02:29		
01/07/2014 13:02:57	86.40	02:30		
01/07/2014 13:02:58	87.60	02:31		
01/07/2014 13:02:59	83.50	02:32		
01/07/2014 13:03:00	84.10	02:33		
01/07/2014 13:03:01	87.50	02:34		
01/07/2014 13:03:02	86.40	02:35		
01/07/2014 13:03:03	86.00	02:36		
01/07/2014 13:03:04	86.10	02:37		
01/07/2014 13:03:05	84.80	02:38		
01/07/2014 13:03:06	84.30	02:39		
01/07/2014 13:03:07	85.20	02:40		
01/07/2014 13:03:08	86.10	02:41		
01/07/2014 13:03:09	85.60	02:42		
01/07/2014 13:03:10	85.40	02:43		
01/07/2014 13:03:11	87.20	02:44		
01/07/2014 13:03:12	85.50	02:45		
01/07/2014 13:03:13	84.60	02:46		
01/07/2014 13:03:14	86.70	02:47		
01/07/2014 13:03:15	85.90	02:48		
01/07/2014 13:03:16	85.30	02:49		
01/07/2014 13:03:17	85.20	02:50		
01/07/2014 13:03:18	85.40	02:51		
01/07/2014 13:03:19	86.20	02:52		
01/07/2014 13:03:20	85.60	02:53		
01/07/2014 13:03:21	86.10	02:54		
01/07/2014 13:03:22	90.40	02:55		
01/07/2014 13:03:23	83.70	02:56		
01/07/2014 13:03:24	83.90	02:57		
01/07/2014 13:03:25	84.40	02:58		
01/07/2014 13:03:26	83.80	02:59		
01/07/2014 13:03:27	84.50	03:00		
01/07/2014 13:03:28	85.40	03:01		
01/07/2014 13:03:29	84.50	03:02		
01/07/2014 13:03:30	84.30	03:03		
01/07/2014 13:03:31	83.10	03:04		
01/07/2014 13:03:32	82.20	03:05		
01/07/2014 13:03:33	84.40	03:06		
01/07/2014 13:03:34	86.10	03:07		
01/07/2014 13:03:35	85.40	03:08		
01/07/2014 13:03:36	86.50	03:09		
01/07/2014 13:03:37	85.90	03:10		
01/07/2014 13:03:38	86.80	03:11		
01/07/2014 13:03:39	84.90	03:12		
01/07/2014 13:03:40	81.60	03:13		
01/07/2014 13:03:41	83.30	03:14		
01/07/2014 13:03:42	83.40	03:15		
01/07/2014 13:03:43	85.50	03:16		
01/07/2014 13:03:44	84.00	03:17		
01/07/2014 13:03:45	84.30	03:18		
01/07/2014 13:03:46	85.50	03:19		
01/07/2014 13:03:47	83.60	03:20		
01/07/2014 13:03:48	85.20	03:21		
01/07/2014 13:03:49	85.20	03:22		
01/07/2014 13:03:50	83.50	03:23		
01/07/2014 13:03:51	85.60	03:24		
01/07/2014 13:03:52	84.00	03:25		
01/07/2014 13:03:53	86.20	03:26		
01/07/2014 13:03:54	88.20	03:27		
01/07/2014 13:03:55	82.70	03:28		
01/07/2014 13:03:56	77.40	03:29		
01/07/2014 13:03:57	79.20	03:30		
01/07/2014 13:03:58	81.30	03:31		
01/07/2014 13:03:59	82.30	03:32		
01/07/2014 13:04:00	84.50	03:33		
01/07/2014 13:04:01	86.30	03:34		
01/07/2014 13:04:02	82.90	03:35		
01/07/2014 13:04:03	81.30	03:36		
01/07/2014 13:04:04	80.60	03:37		
01/07/2014 13:04:05	83.10	03:38		
01/07/2014 13:04:06	86.60	03:39		
01/07/2014 13:04:07	87.80	03:40		
01/07/2014 13:04:08	86.30	03:41		
01/07/2014 13:04:09	85.20	03:42		
01/07/2014 13:04:10	81.70	03:43		
01/07/2014 13:04:11	84.70	03:44		
01/07/2014 13:04:12	82.20	03:45		
01/07/2014 13:04:13	86.50	03:46		
01/07/2014 13:04:14	84.20	03:47		
01/07/2014 13:04:15	84.60	03:48		
01/07/2014 13:04:16	85.40	03:49		
01/07/2014 13:04:17	82.70	03:50		
01/07/2014 13:04:18	83.30	03:51		
01/07/2014 13:04:19	85.20	03:52		
01/07/2014 13:04:20	83.20	03:53		
01/07/2014 13:04:21	83.70	03:54		
01/07/2014 13:04:22	86.00	03:55		
01/07/2014 13:04:23	85.20	03:56		
01/07/2014 13:04:24	85.60	03:57		
01/07/2014 13:04:25	82.90	03:58		
01/07/2014 13:04:26	81.30	03:59		
01/07/2014 13:04:27	85.40	04:00		
01/07/2014 13:04:28	83.50	04:01		
01/07/2014 13:04:29	86.20	04:02		
01/07/2014 13:04:30	87.70	04:03		
01/07/2014 13:04:31	87.90	04:04		
01/07/2014 13:04:32	91.20	04:05		
01/07/2014 13:04:33	88.90	04:06		
01/07/2014 13:04:34	87.10	04:07		
01/07/2014 13:04:35	88.40	04:08		
01/07/2014 13:04:36	88.90	04:09		
01/07/2014 13:04:37	88.10	04:10		
01/07/2014 13:04:38	87.80	04:11		
01/07/2014 13:04:39	87.80	04:12		
01/07/2014 13:04:40	88.30	04:13		
01/07/2014 13:04:41	87.10	04:14		
01/07/2014 13:04:42	87.60	04:15		
01/07/2014 13:04:43	87.80	04:16		
01/07/2014 13:04:44	86.60	04:17		
01/07/2014 13:04:45	86.10	04:18		
01/07/2014 13:04:46	85.40	04:19		
01/07/2014 13:04:47	84.70	04:20		
01/07/2014 13:04:48	85.10	04:21		
01/07/2014 13:04:49	83.40	04:22		
01/07/2014 13:04:50	85.30	04:23		
01/07/2014 13:04:51	85.50	04:24		
01/07/2014 13:04:52	85.20	04:25		
01/07/2014 13:04:53	84.10	04:26		
01/07/2014 13:04:54	84.10	04:27		
01/07/2014 13:04:55	83.80	04:28		
01/07/2014 13:04:56	86.00	04:29		
01/07/2014 13:04:57	85.80	04:30		
01/07/2014 13:04:58	85.70	04:31		
01/07/2014 13:04:59	86.10	04:32		
01/07/2014 13:05:00	83.60	04:33		
01/07/2014 13:05:01	87.10	04:34		
01/07/2014 13:05:02	86.50	04:35		
01/07/2014 13:05:03	87.40	04:36		
01/07/2014 13:05:04	85.80	04:37		
01/07/2014 13:05:05	83.60	04:38		
01/07/2014 13:05:06	85.40	04:39		
01/07/2014 13:05:07	86.30	04:40		
01/07/2014 13:05:08	87.20	04:41		
01/07/2014 13:05:09	84.30	04:42		
01/07/2014 13:05:10	84.50	04:43		
01/07/2014 13:05:11	84.30	04:44		
01/07/2014 13:05:12	84.70	04:45		
01/07/2014 13:05:13	83.80	04:46		
01/07/2014 13:05:14	84.80	04:47		
01/07/2014 13:05:15	83.30	04:48		
01/07/2014 13:05:16	85.60	04:49		
01/07/2014 13:05:17	85.70	04:50		
01/07/2014 13:05:18	85.30	04:51		
01/07/2014 13:05:19	83.80	04:52		
01/07/2014 13:05:20	84.90	04:53		
01/07/2014 13:05:21	83.60	04:54		
01/07/2014 13:05:22	84.30	04:55		
01/07/2014 13:05:23	83.20	04:56		
01/07/2014 13:05:24	82.30	04:57		
01/07/2014 13:05:25	87.40	04:58		
01/07/2014 13:05:26	86.50	04:59		
01/07/2014 13:05:27	83.90	05:00		
01/07/2014 13:05:28	85.20	05:01		
01/07/2014 13:05:29	85.00	05:02		
01/07/2014 13:05:30	85.60	05:03		
01/07/2014 13:05:31	82.20	05:04		
01/07/2014 13:05:32	87.40	05:05		
01/07/2014 13:05:33	81.60	05:06		
01/07/2014 13:05:34	94.50	05:07		
01/07/2014 13:05:35	96.50	05:08		
01/07/2014 13:05:36	89.30	05:09		
01/07/2014 13:05:37	86.50	05:10		
01/07/2014 13:05:38	85.10	05:11		
01/07/2014 13:05:39	83.40	05:12		
01/07/2014 13:05:40	85.10	05:13		
01/07/2014 13:05:41	84.40	05:14		
01/07/2014 13:05:42	86.90	05:15		
01/07/2014 13:05:43	85.80	05:16		
01/07/2014 13:05:44	82.20	05:17		
01/07/2014 13:05:45	83.60	05:18		
01/07/2014 13:05:46	82.50	05:19		
01/07/2014 13:05:47	79.70	05:20		
01/07/2014 13:05:48	83.20	05:21		
01/07/2014 13:05:49	84.90	05:22		
01/07/2014 13:05:50	83.50	05:23		
01/07/2014 13:05:51	77.10	05:24		
01/07/2014 13:05:52	85.00	05:25		
01/07/2014 13:05:53	85.60	05:26		
01/07/2014 13:05:54	82.60	05:27		
01/07/2014 13:05:55	86.70	05:28		
01/07/2014 13:05:56	78.80	05:29		
01/07/2014 13:05:57	79.80	05:30		
01/07/2014 13:05:58	85.90	05:31		
01/07/2014 13:05:59	84.30	05:32		
01/07/2014 13:06:00	85.80	05:33		
01/07/2014 13:06:01	78.40	05:34		
01/07/2014 13:06:02	82.00	05:35		
01/07/2014 13:06:03	86.70	05:36		
01/07/2014 13:06:04	84.00	05:37		
01/07/2014 13:06:05	82.90	05:38		
01/07/2014 13:06:06	78.40	05:39		
01/07/2014 13:06:07	76.70	05:40		
01/07/2014 13:06:08	86.20	05:41		
01/07/2014 13:06:09	83.30	05:42		
01/07/2014 13:06:10	89.30	05:43		
01/07/2014 13:06:11	83.10	05:44		
01/07/2014 13:06:12	85.00	05:45		
01/07/2014 13:06:13	81.40	05:46		
01/07/2014 13:06:14	86.30	05:47		
01/07/2014 13:06:15	79.20	05:48		
01/07/2014 13:06:16	83.10	05:49		
01/07/2014 13:06:17	86.00	05:50		
01/07/2014 13:06:18	85.00	05:51		
01/07/2014 13:06:19	85.20	05:52		
01/07/2014 13:06:20	89.60	05:53		
01/07/2014 13:06:21	86.10	05:54		
01/07/2014 13:06:22	83.00	05:55		
01/07/2014 13:06:23	85.30	05:56		
01/07/2014 13:06:24	83.70	05:57		
01/07/2014 13:06:25	82.30	05:58		
01/07/2014 13:06:26	85.40	05:59		
01/07/2014 13:06:27	82.90	06:00		
01/07/2014 13:06:28	85.90	06:01		
01/07/2014 13:06:29	84.00	06:02		
01/07/2014 13:06:30	77.80	06:03		
01/07/2014 13:06:31	84.70	06:04		
01/07/2014 13:06:32	84.40	06:05		
01/07/2014 13:06:33	82.10	06:06		
01/07/2014 13:06:34	85.50	06:07		
01/07/2014 13:06:35	80.60	06:08		
01/07/2014 13:06:36	85.30	06:09		
01/07/2014 13:06:37	82.50	06:10		
01/07/2014 13:06:38	83.50	06:11		
01/07/2014 13:06:39	84.30	06:12		
01/07/2014 13:06:40	85.60	06:13		
01/07/2014 13:06:41	83.40	06:14		
01/07/2014 13:06:42	86.10	06:15		
01/07/2014 13:06:43	81.30	06:16		
01/07/2014 13:06:44	84.30	06:17		
01/07/2014 13:06:45	82.80	06:18		
01/07/2014 13:06:46	81.90	06:19		
01/07/2014 13:06:47	77.80	06:20		
01/07/2014 13:06:48	78.50	06:21		
01/07/2014 13:06:49	84.90	06:22		
01/07/2014 13:06:50	83.90	06:23		
01/07/2014 13:06:51	83.00	06:24		
01/07/2014 13:06:52	82.10	06:25		
01/07/2014 13:06:53	82.40	06:26		
01/07/2014 13:06:54	81.60	06:27		
01/07/2014 13:06:55	82.70	06:28		
01/07/2014 13:06:56	83.90	06:29		
01/07/2014 13:06:57	82.90	06:30		
01/07/2014 13:06:58	86.30	06:31		
01/07/2014 13:06:59	75.40	06:32		
01/07/2014 13:07:00	81.50	06:33		
01/07/2014 13:07:01	84.80	06:34		
01/07/2014 13:07:02	80.60	06:35		
01/07/2014 13:07:03	83.10	06:36		
01/07/2014 13:07:04	83.10	06:37		
01/07/2014 13:07:05	82.50	06:38		
01/07/2014 13:07:06	84.20	06:39		
01/07/2014 13:07:07	85.00	06:40		
01/07/2014 13:07:08	86.30	06:41		
01/07/2014 13:07:09	84.80	06:42		
01/07/2014 13:07:10	83.70	06:43		
01/07/2014 13:07:11	85.00	06:44		
01/07/2014 13:07:12	83.00	06:45		
01/07/2014 13:07:13	82.30	06:46		
01/07/2014 13:07:14	83.60	06:47		
01/07/2014 13:07:15	83.80	06:48		
01/07/2014 13:07:16	84.90	06:49		
01/07/2014 13:07:17	83.50	06:50		
01/07/2014 13:07:18	84.30	06:51		
01/07/2014 13:07:19	85.50	06:52		
01/07/2014 13:07:20	81.10	06:53		
01/07/2014 13:07:21	87.00	06:54		
01/07/2014 13:07:22	86.20	06:55		
01/07/2014 13:07:23	82.70	06:56		
01/07/2014 13:07:24	84.50	06:57		
01/07/2014 13:07:25	86.80	06:58		
01/07/2014 13:07:26	87.40	06:59		
01/07/2014 13:07:27	76.80	07:00		
01/07/2014 13:07:28	85.20	07:01		
01/07/2014 13:07:29	83.20	07:02		
01/07/2014 13:07:30	84.80	07:03		
01/07/2014 13:07:31	84.50	07:04		
01/07/2014 13:07:32	86.60	07:05		
01/07/2014 13:07:33	86.00	07:06		
01/07/2014 13:07:34	85.90	07:07		
01/07/2014 13:07:35	85.70	07:08		
01/07/2014 13:07:36	84.10	07:09		
01/07/2014 13:07:37	85.50	07:10		
01/07/2014 13:07:38	85.50	07:11		
01/07/2014 13:07:39	86.60	07:12		
01/07/2014 13:07:40	88.20	07:13		
01/07/2014 13:07:41	85.20	07:14		
01/07/2014 13:07:42	87.50	07:15		
01/07/2014 13:07:43	84.40	07:16		
01/07/2014 13:07:44	86.00	07:17		
01/07/2014 13:07:45	85.80	07:18		
01/07/2014 13:07:46	86.20	07:19		
01/07/2014 13:07:47	81.60	07:20		
01/07/2014 13:07:48	87.50	07:21		
01/07/2014 13:07:49	86.30	07:22		
01/07/2014 13:07:50	86.80	07:23		
01/07/2014 13:07:51	86.60	07:24		
01/07/2014 13:07:52	88.10	07:25		
01/07/2014 13:07:53	88.70	07:26		
01/07/2014 13:07:54	87.50	07:27		
01/07/2014 13:07:55	86.10	07:28		
01/07/2014 13:07:56	86.30	07:29		
01/07/2014 13:07:57	86.60	07:30		
01/07/2014 13:07:58	87.10	07:31		
01/07/2014 13:07:59	85.50	07:32		
01/07/2014 13:08:00	87.40	07:33		
01/07/2014 13:08:01	87.70	07:34		
01/07/2014 13:08:02	83.40	07:35		
01/07/2014 13:08:03	81.60	07:36		
01/07/2014 13:08:04	85.60	07:37		
01/07/2014 13:08:05	86.10	07:38		
01/07/2014 13:08:06	87.40	07:39		
01/07/2014 13:08:07	85.60	07:40		
01/07/2014 13:08:08	85.20	07:41		
01/07/2014 13:08:09	85.20	07:42		
01/07/2014 13:08:10	83.20	07:43		
01/07/2014 13:08:11	85.80	07:44		
01/07/2014 13:08:12	85.60	07:45		
01/07/2014 13:08:13	84.80	07:46		
01/07/2014 13:08:14	83.90	07:47		
01/07/2014 13:08:15	83.10	07:48		
01/07/2014 13:08:16	82.90	07:49		
01/07/2014 13:08:17	84.80	07:50		
01/07/2014 13:08:18	83.40	07:51		
01/07/2014 13:08:19	84.10	07:52		
01/07/2014 13:08:20	84.30	07:53		
01/07/2014 13:08:21	86.10	07:54		
01/07/2014 13:08:22	84.20	07:55		
01/07/2014 13:08:23	80.40	07:56		
01/07/2014 13:08:24	82.20	07:57		
01/07/2014 13:08:25	84.80	07:58		
01/07/2014 13:08:26	84.40	07:59		
01/07/2014 13:08:27	84.80	08:00		
01/07/2014 13:08:28	84.80	08:01		
01/07/2014 13:08:29	85.40	08:02		
01/07/2014 13:08:30	85.70	08:03		
01/07/2014 13:08:31	85.00	08:04		
01/07/2014 13:08:32	85.30	08:05		
01/07/2014 13:08:33	83.90	08:06		
01/07/2014 13:08:34	83.40	08:07		
01/07/2014 13:08:35	81.80	08:08		
01/07/2014 13:08:36	86.70	08:09		
01/07/2014 13:08:37	87.90	08:10		
01/07/2014 13:08:38	87.00	08:11		
01/07/2014 13:08:39	87.90	08:12		
01/07/2014 13:08:40	88.40	08:13		
01/07/2014 13:08:41	85.80	08:14		
01/07/2014 13:08:42	88.00	08:15		
01/07/2014 13:08:43	84.40	08:16		
01/07/2014 13:08:44	86.40	08:17		
01/07/2014 13:08:45	85.00	08:18		
01/07/2014 13:08:46	85.70	08:19		
01/07/2014 13:08:47	89.10	08:20		
01/07/2014 13:08:48	86.70	08:21		
01/07/2014 13:08:49	80.90	08:22		
01/07/2014 13:08:50	83.60	08:23		
01/07/2014 13:08:51	85.20	08:24		
01/07/2014 13:08:52	83.70	08:25		
01/07/2014 13:08:53	81.20	08:26		
01/07/2014 13:08:54	83.10	08:27		
01/07/2014 13:08:55	84.80	08:28		
01/07/2014 13:08:56	86.90	08:29		
01/07/2014 13:08:57	83.10	08:30		
01/07/2014 13:08:58	84.10	08:31		
01/07/2014 13:08:59	85.00	08:32		
01/07/2014 13:09:00	82.90	08:33		
01/07/2014 13:09:01	87.80	08:34		
01/07/2014 13:09:02	84.20	08:35		
01/07/2014 13:09:03	83.60	08:36		
01/07/2014 13:09:04	85.30	08:37		
01/07/2014 13:09:05	85.50	08:38		
01/07/2014 13:09:06	84.80	08:39		
01/07/2014 13:09:07	84.60	08:40		
01/07/2014 13:09:08	86.40	08:41		
01/07/2014 13:09:09	86.00	08:42		
01/07/2014 13:09:10	86.10	08:43		
01/07/2014 13:09:11	87.00	08:44		
01/07/2014 13:09:12	85.40	08:45		
01/07/2014 13:09:13	82.40	08:46		
01/07/2014 13:09:14	82.30	08:47		
01/07/2014 13:09:15	85.80	08:48		
01/07/2014 13:09:16	82.60	08:49		
01/07/2014 13:09:17	85.70	08:50		
01/07/2014 13:09:18	85.90	08:51		
01/07/2014 13:09:19	82.30	08:52		
01/07/2014 13:09:20	86.20	08:53		
01/07/2014 13:09:21	84.60	08:54		
01/07/2014 13:09:22	86.90	08:55		
01/07/2014 13:09:23	85.00	08:56		
01/07/2014 13:09:24	85.20	08:57		
01/07/2014 13:09:25	84.40	08:58		
01/07/2014 13:09:26	85.00	08:59		
01/07/2014 13:09:27	86.20	09:00		
01/07/2014 13:09:28	85.00	09:01		
01/07/2014 13:09:29	83.30	09:02		
01/07/2014 13:09:30	85.20	09:03		
01/07/2014 13:09:31	85.20	09:04		
01/07/2014 13:09:32	83.20	09:05		
01/07/2014 13:09:33	86.40	09:06		
01/07/2014 13:09:34	86.60	09:07		
01/07/2014 13:09:35	84.30	09:08		
01/07/2014 13:09:36	83.80	09:09		
01/07/2014 13:09:37	86.70	09:10		
01/07/2014 13:09:38	86.20	09:11		
01/07/2014 13:09:39	84.10	09:12		
01/07/2014 13:09:40	88.10	09:13		
01/07/2014 13:09:41	86.50	09:14		
01/07/2014 13:09:42	83.20	09:15		
01/07/2014 13:09:43	85.30	09:16		
01/07/2014 13:09:44	86.00	09:17		
01/07/2014 13:09:45	84.70	09:18		
01/07/2014 13:09:46	86.00	09:19		
01/07/2014 13:09:47	85.80	09:20		
01/07/2014 13:09:48	85.60	09:21		
01/07/2014 13:09:49	84.50	09:22		
01/07/2014 13:09:50	84.30	09:23		
01/07/2014 13:09:51	86.50	09:24		
01/07/2014 13:09:52	85.10	09:25		
01/07/2014 13:09:53	86.30	09:26		
01/07/2014 13:09:54	86.10	09:27		
01/07/2014 13:09:55	84.70	09:28		
01/07/2014 13:09:56	85.90	09:29		
01/07/2014 13:09:57	85.40	09:30		
01/07/2014 13:09:58	86.30	09:31		
01/07/2014 13:09:59	86.60	09:32		
01/07/2014 13:10:00	86.90	09:33		
01/07/2014 13:10:01	87.60	09:34		
01/07/2014 13:10:02	85.30	09:35		
01/07/2014 13:10:03	88.00	09:36		
01/07/2014 13:10:04	87.20	09:37		
01/07/2014 13:10:05	85.40	09:38		
01/07/2014 13:10:06	87.40	09:39		
01/07/2014 13:10:07	85.70	09:40		
01/07/2014 13:10:08	87.00	09:41		
01/07/2014 13:10:09	86.80	09:42		
01/07/2014 13:10:10	85.30	09:43		
01/07/2014 13:10:11	86.10	09:44		
01/07/2014 13:10:12	86.20	09:45		
01/07/2014 13:10:13	86.40	09:46		
01/07/2014 13:10:14	86.60	09:47		
01/07/2014 13:10:15	86.20	09:48		
01/07/2014 13:10:16	86.10	09:49		
01/07/2014 13:10:17	85.10	09:50		
01/07/2014 13:10:18	85.70	09:51		
01/07/2014 13:10:19	85.90	09:52		
01/07/2014 13:10:20	87.70	09:53		
01/07/2014 13:10:21	87.10	09:54		
01/07/2014 13:10:22	87.70	09:55		
01/07/2014 13:10:23	86.00	09:56		
01/07/2014 13:10:24	87.30	09:57		
01/07/2014 13:10:25	87.80	09:58		
01/07/2014 13:10:26	85.40	09:59		
01/07/2014 13:10:27	85.70	10:00		
01/07/2014 13:10:28	88.00	10:01		
01/07/2014 13:10:29	88.50	10:02		
01/07/2014 13:10:30	86.90	10:03		
01/07/2014 13:10:31	86.60	10:04		
01/07/2014 13:10:32	87.20	10:05		
01/07/2014 13:10:33	85.70	10:06		
01/07/2014 13:10:34	84.90	10:07		
01/07/2014 13:10:35	86.70	10:08		
01/07/2014 13:10:36	85.30	10:09		
01/07/2014 13:10:37	85.90	10:10		
01/07/2014 13:10:38	86.10	10:11		
01/07/2014 13:10:39	84.50	10:12		
01/07/2014 13:10:40	84.90	10:13		
01/07/2014 13:10:41	85.30	10:14		
01/07/2014 13:10:42	84.60	10:15		
01/07/2014 13:10:43	81.00	10:16		
01/07/2014 13:10:44	85.40	10:17		
01/07/2014 13:10:45	84.90	10:18		
01/07/2014 13:10:46	85.30	10:19		
01/07/2014 13:10:47	85.50	10:20		
01/07/2014 13:10:48	85.60	10:21		
01/07/2014 13:10:49	89.90	10:22		
01/07/2014 13:10:50	91.30	10:23		
01/07/2014 13:10:51	84.70	10:24		
01/07/2014 13:10:52	84.80	10:25		
01/07/2014 13:10:53	86.20	10:26		
01/07/2014 13:10:54	84.40	10:27		
01/07/2014 13:10:55	86.20	10:28		
01/07/2014 13:10:56	85.30	10:29		
01/07/2014 13:10:57	85.00	10:30		
01/07/2014 13:10:58	86.10	10:31		
01/07/2014 13:10:59	85.00	10:32		
01/07/2014 13:11:00	84.00	10:33		
01/07/2014 13:11:01	82.90	10:34		
01/07/2014 13:11:02	85.10	10:35		
01/07/2014 13:11:03	84.80	10:36		
01/07/2014 13:11:04	84.40	10:37		
01/07/2014 13:11:05	85.90	10:38		
01/07/2014 13:11:06	85.90	10:39		
01/07/2014 13:11:07	85.60	10:40		
01/07/2014 13:11:08	86.60	10:41		
01/07/2014 13:11:09	81.90	10:42		
01/07/2014 13:11:10	83.00	10:43		
01/07/2014 13:11:11	85.20	10:44		
01/07/2014 13:11:12	85.60	10:45		
01/07/2014 13:11:13	82.00	10:46		
01/07/2014 13:11:14	86.70	10:47		
01/07/2014 13:11:15	82.80	10:48		
01/07/2014 13:11:16	84.00	10:49		
01/07/2014 13:11:17	86.80	10:50		
01/07/2014 13:11:18	84.60	10:51		
01/07/2014 13:11:19	84.60	10:52		
01/07/2014 13:11:20	84.00	10:53		
01/07/2014 13:11:21	85.70	10:54		
01/07/2014 13:11:22	86.00	10:55		
01/07/2014 13:11:23	85.10	10:56		
01/07/2014 13:11:24	84.90	10:57		
01/07/2014 13:11:25	84.20	10:58		
01/07/2014 13:11:26	82.90	10:59		
01/07/2014 13:11:27	87.60	11:00		
01/07/2014 13:11:28	89.50	11:01		
01/07/2014 13:11:29	86.50	11:02		
01/07/2014 13:11:30	88.70	11:03		
01/07/2014 13:11:31	87.90	11:04		
01/07/2014 13:11:32	84.70	11:05		
01/07/2014 13:11:33	86.30	11:06		
01/07/2014 13:11:34	86.10	11:07		
01/07/2014 13:11:35	86.10	11:08		
01/07/2014 13:11:36	84.80	11:09		
01/07/2014 13:11:37	86.90	11:10		
01/07/2014 13:11:38	85.80	11:11		
01/07/2014 13:11:39	85.90	11:12		
01/07/2014 13:11:40	84.30	11:13		
01/07/2014 13:11:41	85.40	11:14		
01/07/2014 13:11:42	84.10	11:15		
01/07/2014 13:11:43	83.60	11:16		
01/07/2014 13:11:44	82.40	11:17		
01/07/2014 13:11:45	85.10	11:18		
01/07/2014 13:11:46	79.80	11:19		
01/07/2014 13:11:47	86.60	11:20		
01/07/2014 13:11:48	84.30	11:21		
01/07/2014 13:11:49	80.60	11:22		
01/07/2014 13:11:50	85.60	11:23		
01/07/2014 13:11:51	85.60	11:24		
01/07/2014 13:11:52	85.70	11:25		
01/07/2014 13:11:53	81.50	11:26		
01/07/2014 13:11:54	88.10	11:27		
01/07/2014 13:11:55	83.40	11:28		
01/07/2014 13:11:56	83.00	11:29		
01/07/2014 13:11:57	84.60	11:30		
01/07/2014 13:11:58	86.90	11:31		
01/07/2014 13:11:59	81.50	11:32		
01/07/2014 13:12:00	87.00	11:33		
01/07/2014 13:12:01	87.20	11:34		
01/07/2014 13:12:02	84.60	11:35		
01/07/2014 13:12:03	86.80	11:36		
01/07/2014 13:12:04	82.30	11:37		
01/07/2014 13:12:05	85.90	11:38		
01/07/2014 13:12:06	83.80	11:39		
01/07/2014 13:12:07	81.40	11:40		
01/07/2014 13:12:08	86.50	11:41		
01/07/2014 13:12:09	84.80	11:42		
01/07/2014 13:12:10	86.40	11:43		
01/07/2014 13:12:11	86.80	11:44		
01/07/2014 13:12:12	85.50	11:45		
01/07/2014 13:12:13	86.60	11:46		
01/07/2014 13:12:14	83.00	11:47		
01/07/2014 13:12:15	89.10	11:48		
01/07/2014 13:12:16	91.20	11:49		
01/07/2014 13:12:17	88.10	11:50		
01/07/2014 13:12:18	89.50	11:51		
01/07/2014 13:12:19	87.10	11:52		
01/07/2014 13:12:20	86.00	11:53		
01/07/2014 13:12:21	88.90	11:54		
01/07/2014 13:12:22	87.60	11:55		
01/07/2014 13:12:23	89.10	11:56		
01/07/2014 13:12:24	89.90	11:57		
01/07/2014 13:12:25	86.30	11:58		
01/07/2014 13:12:26	83.80	11:59		
01/07/2014 13:12:27	83.40	12:00		
01/07/2014 13:12:28	85.90	12:01		
01/07/2014 13:12:29	85.00	12:02		
01/07/2014 13:12:30	86.30	12:03		
01/07/2014 13:12:31	89.00	12:04		
01/07/2014 13:12:32	84.60	12:05		
01/07/2014 13:12:33	85.90	12:06		
01/07/2014 13:12:34	86.80	12:07		
01/07/2014 13:12:35	85.00	12:08		
01/07/2014 13:12:36	85.60	12:09		
01/07/2014 13:12:37	84.40	12:10		
01/07/2014 13:12:38	86.50	12:11		
01/07/2014 13:12:39	86.20	12:12		
01/07/2014 13:12:40	84.30	12:13		
01/07/2014 13:12:41	86.00	12:14		
01/07/2014 13:12:42	90.00	12:15		
01/07/2014 13:12:43	89.20	12:16		
01/07/2014 13:12:44	83.60	12:17		
01/07/2014 13:12:45	83.90	12:18		
01/07/2014 13:12:46	85.70	12:19		
01/07/2014 13:12:47	85.80	12:20		
01/07/2014 13:12:48	85.90	12:21		
01/07/2014 13:12:49	87.00	12:22		
01/07/2014 13:12:50	85.70	12:23		
01/07/2014 13:12:51	85.40	12:24		
01/07/2014 13:12:52	86.70	12:25		
01/07/2014 13:12:53	85.70	12:26		
01/07/2014 13:12:54	85.40	12:27		
01/07/2014 13:12:55	85.10	12:28		
01/07/2014 13:12:56	85.80	12:29		
01/07/2014 13:12:57	84.40	12:30		
01/07/2014 13:12:58	87.20	12:31		
01/07/2014 13:12:59	85.90	12:32		
01/07/2014 13:13:00	85.10	12:33		
01/07/2014 13:13:01	86.00	12:34		
01/07/2014 13:13:02	84.20	12:35		
01/07/2014 13:13:03	85.90	12:36		
01/07/2014 13:13:04	86.10	12:37		
01/07/2014 13:13:05	86.00	12:38		
01/07/2014 13:13:06	86.70	12:39		
01/07/2014 13:13:07	85.50	12:40		
01/07/2014 13:13:08	84.90	12:41		
01/07/2014 13:13:09	80.30	12:42		
01/07/2014 13:13:10	85.20	12:43		
01/07/2014 13:13:11	86.60	12:44		
01/07/2014 13:13:12	86.20	12:45		
01/07/2014 13:13:13	87.90	12:46		
01/07/2014 13:13:14	86.80	12:47		
01/07/2014 13:13:15	96.00	12:48		
01/07/2014 13:13:16	91.80	12:49		
01/07/2014 13:13:17	86.30	12:50		
01/07/2014 13:13:18	89.30	12:51		
01/07/2014 13:13:19	88.70	12:52		
01/07/2014 13:13:20	86.00	12:53		
01/07/2014 13:13:21	85.80	12:54		
01/07/2014 13:13:22	85.90	12:55		
01/07/2014 13:13:23	85.90	12:56		
01/07/2014 13:13:24	83.30	12:57		
01/07/2014 13:13:25	85.60	12:58		
01/07/2014 13:13:26	85.60	12:59		
01/07/2014 13:13:27	86.40	13:00		
01/07/2014 13:13:28	85.20	13:01		
01/07/2014 13:13:29	87.00	13:02		
01/07/2014 13:13:30	85.10	13:03		
01/07/2014 13:13:31	86.60	13:04		
01/07/2014 13:13:32	87.90	13:05		
01/07/2014 13:13:33	85.90	13:06		
01/07/2014 13:13:34	86.10	13:07		
01/07/2014 13:13:35	87.30	13:08		
01/07/2014 13:13:36	88.80	13:09		
01/07/2014 13:13:37	88.30	13:10		
01/07/2014 13:13:38	86.10	13:11		
01/07/2014 13:13:39	87.90	13:12		
01/07/2014 13:13:40	85.10	13:13		
01/07/2014 13:13:41	86.10	13:14		
01/07/2014 13:13:42	86.80	13:15		
01/07/2014 13:13:43	86.40	13:16		
01/07/2014 13:13:44	86.20	13:17		
01/07/2014 13:13:45	86.40	13:18		
01/07/2014 13:13:46	88.40	13:19		
01/07/2014 13:13:47	84.50	13:20		
01/07/2014 13:13:48	86.00	13:21		
01/07/2014 13:13:49	84.20	13:22		
01/07/2014 13:13:50	84.50	13:23		
01/07/2014 13:13:51	87.30	13:24		
01/07/2014 13:13:52	84.70	13:25		
01/07/2014 13:13:53	87.40	13:26		
01/07/2014 13:13:54	84.20	13:27		
01/07/2014 13:13:55	85.40	13:28		
01/07/2014 13:13:56	85.60	13:29		
01/07/2014 13:13:57	86.10	13:30		
01/07/2014 13:13:58	85.40	13:31		
01/07/2014 13:13:59	80.00	13:32		
01/07/2014 13:14:00	86.30	13:33		
01/07/2014 13:14:01	86.80	13:34		
01/07/2014 13:14:02	79.70	13:35		
01/07/2014 13:14:03	86.80	13:36		
01/07/2014 13:14:04	87.50	13:37		
01/07/2014 13:14:05	85.80	13:38		
01/07/2014 13:14:06	81.60	13:39		
01/07/2014 13:14:07	84.40	13:40		
01/07/2014 13:14:08	86.30	13:41		
01/07/2014 13:14:09	85.40	13:42		
01/07/2014 13:14:10	85.40	13:43		
01/07/2014 13:14:11	94.40	13:44		
01/07/2014 13:14:12	89.10	13:45		
01/07/2014 13:14:13	86.30	13:46		
01/07/2014 13:14:14	85.20	13:47		
01/07/2014 13:14:15	85.30	13:48		
01/07/2014 13:14:16	88.00	13:49		
01/07/2014 13:14:17	88.30	13:50		
01/07/2014 13:14:18	92.00	13:51		
01/07/2014 13:14:19	91.00	13:52		
01/07/2014 13:14:20	92.40	13:53		
01/07/2014 13:14:21	91.80	13:54		
01/07/2014 13:14:22	91.00	13:55		
01/07/2014 13:14:23	88.90	13:56		
01/07/2014 13:14:24	88.40	13:57		
01/07/2014 13:14:25	88.10	13:58		
01/07/2014 13:14:26	87.80	13:59		
01/07/2014 13:14:27	85.60	14:00		
01/07/2014 13:14:28	85.90	14:01		
01/07/2014 13:14:29	87.00	14:02		
01/07/2014 13:14:30	86.70	14:03		
01/07/2014 13:14:31	87.20	14:04		
01/07/2014 13:14:32	86.50	14:05		
01/07/2014 13:14:33	86.00	14:06		
01/07/2014 13:14:34	88.00	14:07		
01/07/2014 13:14:35	88.20	14:08		
01/07/2014 13:14:36	86.60	14:09		
01/07/2014 13:14:37	87.40	14:10		
01/07/2014 13:14:38	85.90	14:11		
01/07/2014 13:14:39	84.90	14:12		
01/07/2014 13:14:40	85.70	14:13		
01/07/2014 13:14:41	86.30	14:14		
01/07/2014 13:14:42	85.80	14:15		
01/07/2014 13:14:43	86.00	14:16		
01/07/2014 13:14:44	85.80	14:17		
01/07/2014 13:14:45	85.90	14:18		
01/07/2014 13:14:46	85.20	14:19		
01/07/2014 13:14:47	86.30	14:20		
01/07/2014 13:14:48	81.10	14:21		
01/07/2014 13:14:49	86.70	14:22		
01/07/2014 13:14:50	84.40	14:23		
01/07/2014 13:14:51	85.90	14:24		
01/07/2014 13:14:52	86.80	14:25		
01/07/2014 13:14:53	82.70	14:26		
01/07/2014 13:14:54	86.20	14:27		
01/07/2014 13:14:55	83.00	14:28		
01/07/2014 13:14:56	86.90	14:29		
01/07/2014 13:14:57	85.40	14:30		
01/07/2014 13:14:58	85.50	14:31		
01/07/2014 13:14:59	84.30	14:32		
01/07/2014 13:15:00	86.40	14:33		
01/07/2014 13:15:01	85.70	14:34		
01/07/2014 13:15:02	84.90	14:35		
01/07/2014 13:15:03	89.40	14:36		
01/07/2014 13:15:04	83.40	14:37		
01/07/2014 13:15:05	87.20	14:38		
01/07/2014 13:15:06	84.80	14:39		
01/07/2014 13:15:07	86.60	14:40		
01/07/2014 13:15:08	93.20	14:41		
01/07/2014 13:15:09	91.60	14:42		
01/07/2014 13:15:10	86.10	14:43		
01/07/2014 13:15:11	85.60	14:44		
01/07/2014 13:15:12	83.40	14:45		
01/07/2014 13:15:13	84.60	14:46		
01/07/2014 13:15:14	87.10	14:47		
01/07/2014 13:15:15	80.40	14:48		
01/07/2014 13:15:16	79.60	14:49		
01/07/2014 13:15:17	82.70	14:50		
01/07/2014 13:15:18	81.30	14:51		
01/07/2014 13:15:19	82.40	14:52		
01/07/2014 13:15:20	85.50	14:53		
01/07/2014 13:15:21	82.80	14:54		
01/07/2014 13:15:22	81.90	14:55		
01/07/2014 13:15:23	85.00	14:56		
01/07/2014 13:15:24	85.40	14:57		
01/07/2014 13:15:25	84.00	14:58		
01/07/2014 13:15:26	81.80	14:59		
01/07/2014 13:15:27	82.00	15:00		
01/07/2014 13:15:28	84.60	15:01		
01/07/2014 13:15:29	82.10	15:02		
01/07/2014 13:15:30	85.60	15:03		
01/07/2014 13:15:31	83.10	15:04		
01/07/2014 13:15:32	82.90	15:05		
01/07/2014 13:15:33	83.60	15:06		
01/07/2014 13:15:34	84.80	15:07		
01/07/2014 13:15:35	85.80	15:08		
01/07/2014 13:15:36	87.40	15:09		
01/07/2014 13:15:37	85.40	15:10		
01/07/2014 13:15:38	83.50	15:11		
01/07/2014 13:15:39	83.60	15:12		
01/07/2014 13:15:40	83.90	15:13		
01/07/2014 13:15:41	83.10	15:14		
01/07/2014 13:15:42	80.60	15:15		
01/07/2014 13:15:43	81.70	15:16		
01/07/2014 13:15:44	85.60	15:17		
01/07/2014 13:15:45	84.20	15:18		
01/07/2014 13:15:46	85.20	15:19		
01/07/2014 13:15:47	82.80	15:20		
01/07/2014 13:15:48	86.40	15:21		
01/07/2014 13:15:49	85.80	15:22		
01/07/2014 13:15:50	83.20	15:23		
01/07/2014 13:15:51	82.40	15:24		
01/07/2014 13:15:52	84.00	15:25		
01/07/2014 13:15:53	85.70	15:26		
01/07/2014 13:15:54	84.10	15:27		
01/07/2014 13:15:55	86.90	15:28		
01/07/2014 13:15:56	83.70	15:29		
01/07/2014 13:15:57	88.10	15:30		
01/07/2014 13:15:58	89.20	15:31		
01/07/2014 13:15:59	89.10	15:32		
01/07/2014 13:16:00	87.60	15:33		
01/07/2014 13:16:01	88.60	15:34		
01/07/2014 13:16:02	88.80	15:35		
01/07/2014 13:16:03	88.70	15:36		
01/07/2014 13:16:04	89.10	15:37		
01/07/2014 13:16:05	94.30	15:38		
01/07/2014 13:16:06	92.60	15:39		
01/07/2014 13:16:07	88.50	15:40		
01/07/2014 13:16:08	89.80	15:41		
01/07/2014 13:16:09	88.60	15:42		
01/07/2014 13:16:10	90.70	15:43		
01/07/2014 13:16:11	88.20	15:44		
01/07/2014 13:16:12	84.60	15:45		
01/07/2014 13:16:13	84.70	15:46		
01/07/2014 13:16:14	85.50	15:47		
01/07/2014 13:16:15	84.40	15:48		
01/07/2014 13:16:16	83.80	15:49		
01/07/2014 13:16:17	86.70	15:50		
01/07/2014 13:16:18	85.50	15:51		
01/07/2014 13:16:19	85.60	15:52		
01/07/2014 13:16:20	82.70	15:53		
01/07/2014 13:16:21	88.80	15:54		
01/07/2014 13:16:22	87.70	15:55		
01/07/2014 13:16:23	86.60	15:56		
01/07/2014 13:16:24	88.10	15:57		
01/07/2014 13:16:25	82.20	15:58		
01/07/2014 13:16:26	89.10	15:59		
01/07/2014 13:16:27	85.20	16:00		
01/07/2014 13:16:28	82.50	16:01		
01/07/2014 13:16:29	86.50	16:02		
01/07/2014 13:16:30	83.70	16:03		
01/07/2014 13:16:31	84.60	16:04		
01/07/2014 13:16:32	84.20	16:05		
01/07/2014 13:16:33	85.20	16:06		
01/07/2014 13:16:34	83.80	16:07		
01/07/2014 13:16:35	88.20	16:08		
01/07/2014 13:16:36	82.40	16:09		
01/07/2014 13:16:37	85.60	16:10		
01/07/2014 13:16:38	82.30	16:11		
01/07/2014 13:16:39	85.50	16:12		
01/07/2014 13:16:40	87.10	16:13		
01/07/2014 13:16:41	82.70	16:14		
01/07/2014 13:16:42	88.90	16:15		
01/07/2014 13:16:43	87.50	16:16		
01/07/2014 13:16:44	86.50	16:17		
01/07/2014 13:16:45	86.20	16:18		
01/07/2014 13:16:46	83.20	16:19		
01/07/2014 13:16:47	85.70	16:20		
01/07/2014 13:16:48	82.90	16:21		
01/07/2014 13:16:49	87.00	16:22		
01/07/2014 13:16:50	83.80	16:23		
01/07/2014 13:16:51	86.80	16:24		
01/07/2014 13:16:52	86.20	16:25		
01/07/2014 13:16:53	85.10	16:26		
01/07/2014 13:16:54	86.40	16:27		
01/07/2014 13:16:55	81.70	16:28		
01/07/2014 13:16:56	86.10	16:29		
01/07/2014 13:16:57	87.30	16:30		
01/07/2014 13:16:58	83.70	16:31		
01/07/2014 13:16:59	86.20	16:32		
01/07/2014 13:17:00	85.30	16:33		
01/07/2014 13:17:01	84.10	16:34		
01/07/2014 13:17:02	86.50	16:35		
01/07/2014 13:17:03	84.50	16:36		
01/07/2014 13:17:04	85.80	16:37		
01/07/2014 13:17:05	87.10	16:38		
01/07/2014 13:17:06	85.30	16:39		
01/07/2014 13:17:07	85.50	16:40		
01/07/2014 13:17:08	81.80	16:41		
01/07/2014 13:17:09	85.50	16:42		
01/07/2014 13:17:10	85.80	16:43		
01/07/2014 13:17:11	86.60	16:44		
01/07/2014 13:17:12	79.10	16:45		
01/07/2014 13:17:13	85.30	16:46		
01/07/2014 13:17:14	84.20	16:47		
01/07/2014 13:17:15	83.60	16:48		
01/07/2014 13:17:16	81.20	16:49		
01/07/2014 13:17:17	78.50	16:50		
01/07/2014 13:17:18	85.90	16:51		
01/07/2014 13:17:19	80.40	16:52		
01/07/2014 13:17:20	85.30	16:53		
01/07/2014 13:17:21	83.80	16:54		
01/07/2014 13:17:22	83.00	16:55		
01/07/2014 13:17:23	87.90	16:56		
01/07/2014 13:17:24	84.70	16:57		
01/07/2014 13:17:25	82.40	16:58		
01/07/2014 13:17:26	84.80	16:59		
01/07/2014 13:17:27	85.70	17:00		
01/07/2014 13:17:28	82.40	17:01		
01/07/2014 13:17:29	79.70	17:02		
01/07/2014 13:17:30	84.30	17:03		
01/07/2014 13:17:31	84.20	17:04		
01/07/2014 13:17:32	81.10	17:05		
01/07/2014 13:17:33	78.40	17:06		
01/07/2014 13:17:34	86.60	17:07		
01/07/2014 13:17:35	85.90	17:08		
01/07/2014 13:17:36	82.10	17:09		
01/07/2014 13:17:37	86.50	17:10		
01/07/2014 13:17:38	83.60	17:11		
01/07/2014 13:17:39	83.40	17:12		
01/07/2014 13:17:40	83.50	17:13		
01/07/2014 13:17:41	82.90	17:14		
01/07/2014 13:17:42	83.20	17:15		
01/07/2014 13:17:43	85.10	17:16		
01/07/2014 13:17:44	86.30	17:17		
01/07/2014 13:17:45	83.70	17:18		
01/07/2014 13:17:46	83.00	17:19		
01/07/2014 13:17:47	85.20	17:20		
01/07/2014 13:17:48	83.50	17:21		
01/07/2014 13:17:49	84.30	17:22		
01/07/2014 13:17:50	80.80	17:23		
01/07/2014 13:17:51	85.80	17:24		
01/07/2014 13:17:52	84.20	17:25		
01/07/2014 13:17:53	86.20	17:26		
01/07/2014 13:17:54	85.50	17:27		
01/07/2014 13:17:55	87.30	17:28		
01/07/2014 13:17:56	85.30	17:29		
01/07/2014 13:17:57	86.70	17:30		
01/07/2014 13:17:58	86.10	17:31		
01/07/2014 13:17:59	86.70	17:32		
01/07/2014 13:18:00	86.30	17:33		
01/07/2014 13:18:01	87.30	17:34		
01/07/2014 13:18:02	86.30	17:35		
01/07/2014 13:18:03	86.10	17:36		
01/07/2014 13:18:04	85.40	17:37		
01/07/2014 13:18:05	85.00	17:38		
01/07/2014 13:18:06	84.20	17:39		
01/07/2014 13:18:07	83.40	17:40		
01/07/2014 13:18:08	83.70	17:41		
01/07/2014 13:18:09	87.80	17:42		
01/07/2014 13:18:10	84.40	17:43		
01/07/2014 13:18:11	87.10	17:44		
01/07/2014 13:18:12	86.60	17:45		
01/07/2014 13:18:13	86.60	17:46		
01/07/2014 13:18:14	87.30	17:47		
01/07/2014 13:18:15	85.70	17:48		
01/07/2014 13:18:16	80.10	17:49		
01/07/2014 13:18:17	84.50	17:50		
01/07/2014 13:18:18	86.70	17:51		
01/07/2014 13:18:19	87.80	17:52		
01/07/2014 13:18:20	85.20	17:53		
01/07/2014 13:18:21	86.50	17:54		
01/07/2014 13:18:22	83.10	17:55		
01/07/2014 13:18:23	85.60	17:56		
01/07/2014 13:18:24	84.80	17:57		
01/07/2014 13:18:25	86.50	17:58		
01/07/2014 13:18:26	86.40	17:59		
01/07/2014 13:18:27	87.10	18:00		
01/07/2014 13:18:28	85.70	18:01		
01/07/2014 13:18:29	83.90	18:02		
01/07/2014 13:18:30	85.70	18:03		
01/07/2014 13:18:31	83.70	18:04		
01/07/2014 13:18:32	85.90	18:05		
01/07/2014 13:18:33	85.50	18:06		
01/07/2014 13:18:34	87.00	18:07		
01/07/2014 13:18:35	84.20	18:08		
01/07/2014 13:18:36	80.70	18:09		
01/07/2014 13:18:37	84.50	18:10		
01/07/2014 13:18:38	86.20	18:11		
01/07/2014 13:18:39	79.20	18:12		
01/07/2014 13:18:40	84.10	18:13		
01/07/2014 13:18:41	84.80	18:14		
01/07/2014 13:18:42	86.30	18:15		
01/07/2014 13:18:43	83.90	18:16		
01/07/2014 13:18:44	84.70	18:17		
01/07/2014 13:18:45	82.70	18:18		
01/07/2014 13:18:46	82.80	18:19		
01/07/2014 13:18:47	83.90	18:20		
01/07/2014 13:18:48	86.00	18:21		
01/07/2014 13:18:49	84.30	18:22		
01/07/2014 13:18:50	84.90	18:23		
01/07/2014 13:18:51	85.10	18:24		
01/07/2014 13:18:52	86.50	18:25		
01/07/2014 13:18:53	85.90	18:26		
01/07/2014 13:18:54	88.00	18:27		
01/07/2014 13:18:55	87.20	18:28		
01/07/2014 13:18:56	88.20	18:29		
01/07/2014 13:18:57	89.40	18:30		
01/07/2014 13:18:58	87.70	18:31		
01/07/2014 13:18:59	86.20	18:32		
01/07/2014 13:19:00	86.00	18:33		
01/07/2014 13:19:01	86.20	18:34		
01/07/2014 13:19:02	86.10	18:35		
01/07/2014 13:19:03	83.40	18:36		
01/07/2014 13:19:04	85.50	18:37		
01/07/2014 13:19:05	83.90	18:38		
01/07/2014 13:19:06	86.20	18:39		
01/07/2014 13:19:07	78.80	18:40		
01/07/2014 13:19:08	87.30	18:41		
01/07/2014 13:19:09	87.40	18:42		
01/07/2014 13:19:10	82.60	18:43		
01/07/2014 13:19:11	85.30	18:44		
01/07/2014 13:19:12	81.60	18:45		
01/07/2014 13:19:13	85.10	18:46		
01/07/2014 13:19:14	83.40	18:47		
01/07/2014 13:19:15	82.00	18:48		
01/07/2014 13:19:16	83.90	18:49		
01/07/2014 13:19:17	83.70	18:50		
01/07/2014 13:19:18	85.80	18:51		
01/07/2014 13:19:19	82.60	18:52		
01/07/2014 13:19:20	79.30	18:53		
01/07/2014 13:19:21	87.50	18:54		
01/07/2014 13:19:22	84.10	18:55		
01/07/2014 13:19:23	84.60	18:56		
01/07/2014 13:19:24	82.70	18:57		
01/07/2014 13:19:25	85.00	18:58		
01/07/2014 13:19:26	84.40	18:59		
01/07/2014 13:19:27	80.20	19:00		
01/07/2014 13:19:28	84.70	19:01		
01/07/2014 13:19:29	82.20	19:02		
01/07/2014 13:19:30	83.50	19:03		
01/07/2014 13:19:31	85.00	19:04		
01/07/2014 13:19:32	83.90	19:05		
01/07/2014 13:19:33	86.50	19:06		
01/07/2014 13:19:34	83.80	19:07		
01/07/2014 13:19:35	83.80	19:08		
01/07/2014 13:19:36	85.00	19:09		
01/07/2014 13:19:37	85.40	19:10		
01/07/2014 13:19:38	81.10	19:11		
01/07/2014 13:19:39	87.50	19:12		
01/07/2014 13:19:40	84.10	19:13		
01/07/2014 13:19:41	87.30	19:14		
01/07/2014 13:19:42	87.50	19:15		
01/07/2014 13:19:43	87.30	19:16		
01/07/2014 13:19:44	89.50	19:17		
01/07/2014 13:19:45	84.50	19:18		
01/07/2014 13:19:46	87.00	19:19		
01/07/2014 13:19:47	83.50	19:20		
01/07/2014 13:19:48	86.00	19:21		
01/07/2014 13:19:49	95.90	19:22		
01/07/2014 13:19:50	102.60	19:23	Messi gambetea a dos cerca del Ã¡rea rival pero la jugada no prospera.	jugadaPeligrosaARG
01/07/2014 13:19:51	94.40	19:24		
01/07/2014 13:19:52	94.10	19:25		
01/07/2014 13:19:53	88.80	19:26		
01/07/2014 13:19:54	86.00	19:27		
01/07/2014 13:19:55	86.80	19:28		
01/07/2014 13:19:56	86.60	19:29		
01/07/2014 13:19:57	86.10	19:30		
01/07/2014 13:19:58	87.90	19:31		
01/07/2014 13:19:59	84.70	19:32		
01/07/2014 13:20:00	85.80	19:33		
01/07/2014 13:20:01	88.10	19:34		
01/07/2014 13:20:02	85.20	19:35		
01/07/2014 13:20:03	86.60	19:36		
01/07/2014 13:20:04	86.20	19:37		
01/07/2014 13:20:05	85.60	19:38		
01/07/2014 13:20:06	85.90	19:39		
01/07/2014 13:20:07	85.50	19:40		
01/07/2014 13:20:08	85.70	19:41		
01/07/2014 13:20:09	86.50	19:42		
01/07/2014 13:20:10	81.90	19:43		
01/07/2014 13:20:11	82.90	19:44		
01/07/2014 13:20:12	87.40	19:45		
01/07/2014 13:20:13	83.70	19:46		
01/07/2014 13:20:14	86.50	19:47		
01/07/2014 13:20:15	86.30	19:48		
01/07/2014 13:20:16	85.60	19:49		
01/07/2014 13:20:17	84.40	19:50		
01/07/2014 13:20:18	81.80	19:51		
01/07/2014 13:20:19	86.90	19:52		
01/07/2014 13:20:20	86.90	19:53		
01/07/2014 13:20:21	85.30	19:54		
01/07/2014 13:20:22	86.50	19:55		
01/07/2014 13:20:23	84.70	19:56		
01/07/2014 13:20:24	83.70	19:57		
01/07/2014 13:20:25	84.70	19:58		
01/07/2014 13:20:26	80.70	19:59		
01/07/2014 13:20:27	83.00	20:00		
01/07/2014 13:20:28	86.50	20:01		
01/07/2014 13:20:29	85.60	20:02		
01/07/2014 13:20:30	83.00	20:03		
01/07/2014 13:20:31	87.30	20:04		
01/07/2014 13:20:32	82.20	20:05		
01/07/2014 13:20:33	87.20	20:06		
01/07/2014 13:20:34	84.80	20:07		
01/07/2014 13:20:35	87.40	20:08		
01/07/2014 13:20:36	79.00	20:09		
01/07/2014 13:20:37	86.60	20:10		
01/07/2014 13:20:38	84.70	20:11		
01/07/2014 13:20:39	85.30	20:12		
01/07/2014 13:20:40	87.40	20:13		
01/07/2014 13:20:41	87.70	20:14		
01/07/2014 13:20:42	87.40	20:15		
01/07/2014 13:20:43	86.60	20:16		
01/07/2014 13:20:44	85.90	20:17		
01/07/2014 13:20:45	85.10	20:18		
01/07/2014 13:20:46	86.10	20:19		
01/07/2014 13:20:47	84.60	20:20		
01/07/2014 13:20:48	80.00	20:21		
01/07/2014 13:20:49	86.30	20:22		
01/07/2014 13:20:50	84.60	20:23		
01/07/2014 13:20:51	86.60	20:24		
01/07/2014 13:20:52	85.10	20:25		
01/07/2014 13:20:53	87.20	20:26		
01/07/2014 13:20:54	82.70	20:27		
01/07/2014 13:20:55	83.30	20:28		
01/07/2014 13:20:56	87.50	20:29		
01/07/2014 13:20:57	80.80	20:30		
01/07/2014 13:20:58	85.80	20:31		
01/07/2014 13:20:59	86.30	20:32		
01/07/2014 13:21:00	82.60	20:33		
01/07/2014 13:21:01	82.30	20:34		
01/07/2014 13:21:02	81.90	20:35		
01/07/2014 13:21:03	83.90	20:36		
01/07/2014 13:21:04	82.90	20:37		
01/07/2014 13:21:05	82.20	20:38		
01/07/2014 13:21:06	85.70	20:39		
01/07/2014 13:21:07	87.70	20:40		
01/07/2014 13:21:08	87.60	20:41		
01/07/2014 13:21:09	81.50	20:42		
01/07/2014 13:21:10	86.40	20:43		
01/07/2014 13:21:11	84.70	20:44		
01/07/2014 13:21:12	87.60	20:45		
01/07/2014 13:21:13	86.60	20:46		
01/07/2014 13:21:14	87.10	20:47		
01/07/2014 13:21:15	84.50	20:48		
01/07/2014 13:21:16	84.70	20:49		
01/07/2014 13:21:17	84.90	20:50		
01/07/2014 13:21:18	86.10	20:51		
01/07/2014 13:21:19	85.80	20:52		
01/07/2014 13:21:20	83.90	20:53		
01/07/2014 13:21:21	85.80	20:54		
01/07/2014 13:21:22	88.50	20:55		
01/07/2014 13:21:23	87.80	20:56		
01/07/2014 13:21:24	86.50	20:57		
01/07/2014 13:21:25	87.40	20:58		
01/07/2014 13:21:26	85.70	20:59		
01/07/2014 13:21:27	86.00	21:00		
01/07/2014 13:21:28	85.90	21:01		
01/07/2014 13:21:29	86.40	21:02		
01/07/2014 13:21:30	82.90	21:03		
01/07/2014 13:21:31	87.10	21:04		
01/07/2014 13:21:32	86.20	21:05		
01/07/2014 13:21:33	84.70	21:06		
01/07/2014 13:21:34	85.00	21:07		
01/07/2014 13:21:35	85.90	21:08		
01/07/2014 13:21:36	81.40	21:09		
01/07/2014 13:21:37	88.80	21:10		
01/07/2014 13:21:38	88.20	21:11		
01/07/2014 13:21:39	82.70	21:12		
01/07/2014 13:21:40	82.50	21:13		
01/07/2014 13:21:41	87.40	21:14		
01/07/2014 13:21:42	87.40	21:15		
01/07/2014 13:21:43	84.80	21:16		
01/07/2014 13:21:44	85.00	21:17		
01/07/2014 13:21:45	92.50	21:18		
01/07/2014 13:21:46	92.20	21:19		
01/07/2014 13:21:47	95.10	21:20		
01/07/2014 13:21:48	88.00	21:21		
01/07/2014 13:21:49	87.80	21:22		
01/07/2014 13:21:50	85.30	21:23		
01/07/2014 13:21:51	82.50	21:24		
01/07/2014 13:21:52	82.20	21:25		
01/07/2014 13:21:53	81.40	21:26		
01/07/2014 13:21:54	80.60	21:27		
01/07/2014 13:21:55	81.10	21:28		
01/07/2014 13:21:56	82.10	21:29		
01/07/2014 13:21:57	81.40	21:30		
01/07/2014 13:21:58	81.70	21:31		
01/07/2014 13:21:59	86.10	21:32		
01/07/2014 13:22:00	88.00	21:33		
01/07/2014 13:22:01	80.20	21:34		
01/07/2014 13:22:02	78.30	21:35		
01/07/2014 13:22:03	79.90	21:36		
01/07/2014 13:22:04	81.40	21:37		
01/07/2014 13:22:05	87.70	21:38		
01/07/2014 13:22:06	86.20	21:39		
01/07/2014 13:22:07	79.00	21:40		
01/07/2014 13:22:08	86.10	21:41		
01/07/2014 13:22:09	86.70	21:42		
01/07/2014 13:22:10	88.80	21:43		
01/07/2014 13:22:11	79.30	21:44		
01/07/2014 13:22:12	79.10	21:45		
01/07/2014 13:22:13	79.40	21:46		
01/07/2014 13:22:14	86.10	21:47		
01/07/2014 13:22:15	89.10	21:48		
01/07/2014 13:22:16	83.00	21:49		
01/07/2014 13:22:17	84.40	21:50		
01/07/2014 13:22:18	86.30	21:51		
01/07/2014 13:22:19	80.30	21:52		
01/07/2014 13:22:20	82.30	21:53		
01/07/2014 13:22:21	83.70	21:54		
01/07/2014 13:22:22	88.70	21:55		
01/07/2014 13:22:23	88.20	21:56		
01/07/2014 13:22:24	87.80	21:57		
01/07/2014 13:22:25	86.40	21:58		
01/07/2014 13:22:26	83.50	21:59		
01/07/2014 13:22:27	84.10	22:00		
01/07/2014 13:22:28	86.30	22:01		
01/07/2014 13:22:29	86.20	22:02		
01/07/2014 13:22:30	83.50	22:03		
01/07/2014 13:22:31	83.60	22:04		
01/07/2014 13:22:32	85.60	22:05		
01/07/2014 13:22:33	85.20	22:06		
01/07/2014 13:22:34	82.90	22:07		
01/07/2014 13:22:35	85.00	22:08		
01/07/2014 13:22:36	86.10	22:09		
01/07/2014 13:22:37	87.70	22:10		
01/07/2014 13:22:38	81.00	22:11		
01/07/2014 13:22:39	87.60	22:12		
01/07/2014 13:22:40	87.70	22:13		
01/07/2014 13:22:41	83.70	22:14		
01/07/2014 13:22:42	86.70	22:15		
01/07/2014 13:22:43	87.10	22:16		
01/07/2014 13:22:44	83.40	22:17		
01/07/2014 13:22:45	86.40	22:18		
01/07/2014 13:22:46	85.70	22:19		
01/07/2014 13:22:47	81.80	22:20		
01/07/2014 13:22:48	84.10	22:21		
01/07/2014 13:22:49	85.00	22:22		
01/07/2014 13:22:50	84.80	22:23		
01/07/2014 13:22:51	86.10	22:24		
01/07/2014 13:22:52	86.30	22:25		
01/07/2014 13:22:53	86.40	22:26		
01/07/2014 13:22:54	82.10	22:27		
01/07/2014 13:22:55	85.60	22:28		
01/07/2014 13:22:56	85.40	22:29		
01/07/2014 13:22:57	86.10	22:30		
01/07/2014 13:22:58	85.80	22:31		
01/07/2014 13:22:59	85.00	22:32		
01/07/2014 13:23:00	86.50	22:33		
01/07/2014 13:23:01	86.90	22:34		
01/07/2014 13:23:02	85.30	22:35		
01/07/2014 13:23:03	87.10	22:36		
01/07/2014 13:23:04	86.10	22:37		
01/07/2014 13:23:05	85.10	22:38		
01/07/2014 13:23:06	86.20	22:39		
01/07/2014 13:23:07	84.10	22:40		
01/07/2014 13:23:08	85.80	22:41		
01/07/2014 13:23:09	85.60	22:42		
01/07/2014 13:23:10	84.50	22:43		
01/07/2014 13:23:11	89.10	22:44		
01/07/2014 13:23:12	86.10	22:45		
01/07/2014 13:23:13	87.70	22:46		
01/07/2014 13:23:14	86.90	22:47		
01/07/2014 13:23:15	86.80	22:48		
01/07/2014 13:23:16	87.70	22:49		
01/07/2014 13:23:17	86.70	22:50		
01/07/2014 13:23:18	88.10	22:51		
01/07/2014 13:23:19	88.40	22:52		
01/07/2014 13:23:20	79.50	22:53		
01/07/2014 13:23:21	84.80	22:54		
01/07/2014 13:23:22	81.40	22:55		
01/07/2014 13:23:23	87.00	22:56		
01/07/2014 13:23:24	84.30	22:57		
01/07/2014 13:23:25	86.80	22:58		
01/07/2014 13:23:26	86.50	22:59		
01/07/2014 13:23:27	84.60	23:00		
01/07/2014 13:23:28	86.50	23:01		
01/07/2014 13:23:29	81.50	23:02		
01/07/2014 13:23:30	82.00	23:03		
01/07/2014 13:23:31	90.50	23:04		
01/07/2014 13:23:32	84.20	23:05		
01/07/2014 13:23:33	84.20	23:06		
01/07/2014 13:23:34	85.90	23:07		
01/07/2014 13:23:35	85.20	23:08		
01/07/2014 13:23:36	89.80	23:09		
01/07/2014 13:23:37	86.90	23:10		
01/07/2014 13:23:38	85.70	23:11		
01/07/2014 13:23:39	87.80	23:12		
01/07/2014 13:23:40	86.90	23:13		
01/07/2014 13:23:41	86.60	23:14		
01/07/2014 13:23:42	86.50	23:15		
01/07/2014 13:23:43	85.50	23:16		
01/07/2014 13:23:44	84.00	23:17		
01/07/2014 13:23:45	79.70	23:18		
01/07/2014 13:23:46	84.30	23:19		
01/07/2014 13:23:47	86.10	23:20		
01/07/2014 13:23:48	85.00	23:21		
01/07/2014 13:23:49	85.80	23:22		
01/07/2014 13:23:50	78.60	23:23		
01/07/2014 13:23:51	86.50	23:24		
01/07/2014 13:23:52	85.70	23:25		
01/07/2014 13:23:53	86.70	23:26		
01/07/2014 13:23:54	82.90	23:27		
01/07/2014 13:23:55	86.00	23:28		
01/07/2014 13:23:56	86.50	23:29		
01/07/2014 13:23:57	85.50	23:30		
01/07/2014 13:23:58	86.60	23:31		
01/07/2014 13:23:59	84.60	23:32		
01/07/2014 13:24:00	84.80	23:33		
01/07/2014 13:24:01	86.50	23:34		
01/07/2014 13:24:02	85.20	23:35		
01/07/2014 13:24:03	81.80	23:36		
01/07/2014 13:24:04	78.10	23:37		
01/07/2014 13:24:05	87.30	23:38		
01/07/2014 13:24:06	81.50	23:39		
01/07/2014 13:24:07	86.90	23:40		
01/07/2014 13:24:08	82.50	23:41		
01/07/2014 13:24:09	86.70	23:42		
01/07/2014 13:24:10	84.40	23:43		
01/07/2014 13:24:11	86.60	23:44		
01/07/2014 13:24:12	88.20	23:45		
01/07/2014 13:24:13	90.30	23:46		
01/07/2014 13:24:14	84.80	23:47		
01/07/2014 13:24:15	87.90	23:48		
01/07/2014 13:24:16	94.50	23:49		
01/07/2014 13:24:17	91.10	23:50		
01/07/2014 13:24:18	88.80	23:51		
01/07/2014 13:24:19	87.30	23:52		
01/07/2014 13:24:20	87.00	23:53		
01/07/2014 13:24:21	86.90	23:54		
01/07/2014 13:24:22	87.60	23:55		
01/07/2014 13:24:23	85.70	23:56		
01/07/2014 13:24:24	84.60	23:57		
01/07/2014 13:24:25	85.40	23:58		
01/07/2014 13:24:26	91.50	23:59		
01/07/2014 13:24:27	93.10	24:00		
01/07/2014 13:24:28	88.90	24:01		
01/07/2014 13:24:29	91.60	24:02		
01/07/2014 13:24:30	91.10	24:03		
01/07/2014 13:24:31	90.70	24:04		
01/07/2014 13:24:32	88.80	24:05		
01/07/2014 13:24:33	88.90	24:06		
01/07/2014 13:24:34	89.50	24:07		
01/07/2014 13:24:35	85.70	24:08		
01/07/2014 13:24:36	86.80	24:09		
01/07/2014 13:24:37	87.30	24:10		
01/07/2014 13:24:38	87.70	24:11		
01/07/2014 13:24:39	85.60	24:12		
01/07/2014 13:24:40	83.00	24:13		
01/07/2014 13:24:41	85.90	24:14		
01/07/2014 13:24:42	81.40	24:15		
01/07/2014 13:24:43	86.10	24:16		
01/07/2014 13:24:44	86.30	24:17		
01/07/2014 13:24:45	86.70	24:18		
01/07/2014 13:24:46	86.20	24:19		
01/07/2014 13:24:47	86.90	24:20		
01/07/2014 13:24:48	84.60	24:21		
01/07/2014 13:24:49	86.90	24:22		
01/07/2014 13:24:50	85.40	24:23		
01/07/2014 13:24:51	85.60	24:24		
01/07/2014 13:24:52	83.90	24:25		
01/07/2014 13:24:53	86.30	24:26		
01/07/2014 13:24:54	80.50	24:27		
01/07/2014 13:24:55	81.10	24:28		
01/07/2014 13:24:56	84.80	24:29		
01/07/2014 13:24:57	84.50	24:30		
01/07/2014 13:24:58	79.00	24:31		
01/07/2014 13:24:59	86.60	24:32		
01/07/2014 13:25:00	87.60	24:33		
01/07/2014 13:25:01	80.80	24:34		
01/07/2014 13:25:02	83.50	24:35		
01/07/2014 13:25:03	86.50	24:36		
01/07/2014 13:25:04	85.50	24:37		
01/07/2014 13:25:05	78.20	24:38		
01/07/2014 13:25:06	85.70	24:39		
01/07/2014 13:25:07	86.60	24:40		
01/07/2014 13:25:08	82.00	24:41		
01/07/2014 13:25:09	88.80	24:42		
01/07/2014 13:25:10	88.80	24:43		
01/07/2014 13:25:11	86.10	24:44		
01/07/2014 13:25:12	90.60	24:45		
01/07/2014 13:25:13	87.00	24:46		
01/07/2014 13:25:14	84.40	24:47		
01/07/2014 13:25:15	92.20	24:48		
01/07/2014 13:25:16	96.20	24:49		
01/07/2014 13:25:17	86.70	24:50		
01/07/2014 13:25:18	88.60	24:51		
01/07/2014 13:25:19	93.10	24:52		
01/07/2014 13:25:20	87.90	24:53		
01/07/2014 13:25:21	95.50	24:54		
01/07/2014 13:25:22	97.10	24:55		
01/07/2014 13:25:23	86.80	24:56		
01/07/2014 13:25:24	85.20	24:57		
01/07/2014 13:25:25	84.20	24:58		
01/07/2014 13:25:26	85.00	24:59		
01/07/2014 13:25:27	81.70	25:00		
01/07/2014 13:25:28	87.30	25:01		
01/07/2014 13:25:29	86.20	25:02		
01/07/2014 13:25:30	82.40	25:03		
01/07/2014 13:25:31	78.10	25:04		
01/07/2014 13:25:32	80.00	25:05		
01/07/2014 13:25:33	80.30	25:06		
01/07/2014 13:25:34	85.40	25:07		
01/07/2014 13:25:35	84.70	25:08		
01/07/2014 13:25:36	83.00	25:09		
01/07/2014 13:25:37	85.70	25:10		
01/07/2014 13:25:38	83.20	25:11		
01/07/2014 13:25:39	81.30	25:12		
01/07/2014 13:25:40	84.00	25:13		
01/07/2014 13:25:41	83.90	25:14		
01/07/2014 13:25:42	84.50	25:15		
01/07/2014 13:25:43	86.30	25:16		
01/07/2014 13:25:44	84.50	25:17		
01/07/2014 13:25:45	84.10	25:18		
01/07/2014 13:25:46	85.90	25:19		
01/07/2014 13:25:47	83.80	25:20		
01/07/2014 13:25:48	85.30	25:21		
01/07/2014 13:25:49	83.80	25:22		
01/07/2014 13:25:50	85.20	25:23		
01/07/2014 13:25:51	85.40	25:24		
01/07/2014 13:25:52	85.30	25:25		
01/07/2014 13:25:53	84.00	25:26		
01/07/2014 13:25:54	83.40	25:27		
01/07/2014 13:25:55	82.50	25:28		
01/07/2014 13:25:56	83.00	25:29		
01/07/2014 13:25:57	83.10	25:30		
01/07/2014 13:25:58	84.80	25:31		
01/07/2014 13:25:59	83.20	25:32		
01/07/2014 13:26:00	81.30	25:33		
01/07/2014 13:26:01	83.70	25:34		
01/07/2014 13:26:02	84.80	25:35		
01/07/2014 13:26:03	82.90	25:36		
01/07/2014 13:26:04	83.40	25:37		
01/07/2014 13:26:05	82.90	25:38		
01/07/2014 13:26:06	83.60	25:39		
01/07/2014 13:26:07	84.70	25:40		
01/07/2014 13:26:08	86.10	25:41		
01/07/2014 13:26:09	84.60	25:42		
01/07/2014 13:26:10	85.60	25:43		
01/07/2014 13:26:11	85.50	25:44		
01/07/2014 13:26:12	83.90	25:45		
01/07/2014 13:26:13	84.40	25:46		
01/07/2014 13:26:14	79.60	25:47		
01/07/2014 13:26:15	84.20	25:48		
01/07/2014 13:26:16	85.70	25:49		
01/07/2014 13:26:17	85.50	25:50		
01/07/2014 13:26:18	86.10	25:51		
01/07/2014 13:26:19	86.90	25:52		
01/07/2014 13:26:20	83.60	25:53		
01/07/2014 13:26:21	86.20	25:54		
01/07/2014 13:26:22	76.50	25:55		
01/07/2014 13:26:23	78.30	25:56		
01/07/2014 13:26:24	80.10	25:57		
01/07/2014 13:26:25	86.80	25:58		
01/07/2014 13:26:26	86.10	25:59		
01/07/2014 13:26:27	83.80	26:00		
01/07/2014 13:26:28	81.30	26:01		
01/07/2014 13:26:29	81.10	26:02		
01/07/2014 13:26:30	85.90	26:03		
01/07/2014 13:26:31	85.80	26:04		
01/07/2014 13:26:32	79.30	26:05		
01/07/2014 13:26:33	85.90	26:06		
01/07/2014 13:26:34	84.50	26:07		
01/07/2014 13:26:35	85.20	26:08		
01/07/2014 13:26:36	80.60	26:09		
01/07/2014 13:26:37	83.10	26:10		
01/07/2014 13:26:38	84.50	26:11		
01/07/2014 13:26:39	86.50	26:12		
01/07/2014 13:26:40	86.60	26:13		
01/07/2014 13:26:41	84.90	26:14		
01/07/2014 13:26:42	86.90	26:15		
01/07/2014 13:26:43	84.60	26:16		
01/07/2014 13:26:44	84.50	26:17		
01/07/2014 13:26:45	87.40	26:18		
01/07/2014 13:26:46	86.60	26:19		
01/07/2014 13:26:47	87.30	26:20		
01/07/2014 13:26:48	87.20	26:21		
01/07/2014 13:26:49	86.50	26:22		
01/07/2014 13:26:50	86.60	26:23		
01/07/2014 13:26:51	85.70	26:24		
01/07/2014 13:26:52	86.50	26:25		
01/07/2014 13:26:53	85.50	26:26		
01/07/2014 13:26:54	84.70	26:27		
01/07/2014 13:26:55	84.20	26:28		
01/07/2014 13:26:56	85.10	26:29		
01/07/2014 13:26:57	87.20	26:30		
01/07/2014 13:26:58	85.30	26:31		
01/07/2014 13:26:59	86.60	26:32		
01/07/2014 13:27:00	85.20	26:33		
01/07/2014 13:27:01	85.90	26:34		
01/07/2014 13:27:02	85.90	26:35		
01/07/2014 13:27:03	79.10	26:36		
01/07/2014 13:27:04	79.50	26:37		
01/07/2014 13:27:05	81.00	26:38		
01/07/2014 13:27:06	84.40	26:39		
01/07/2014 13:27:07	86.50	26:40		
01/07/2014 13:27:08	82.60	26:41		
01/07/2014 13:27:09	79.90	26:42		
01/07/2014 13:27:10	80.60	26:43		
01/07/2014 13:27:11	81.40	26:44		
01/07/2014 13:27:12	85.60	26:45		
01/07/2014 13:27:13	83.30	26:46		
01/07/2014 13:27:14	78.90	26:47		
01/07/2014 13:27:15	85.90	26:48		
01/07/2014 13:27:16	80.80	26:49		
01/07/2014 13:27:17	86.50	26:50		
01/07/2014 13:27:18	85.00	26:51		
01/07/2014 13:27:19	87.50	26:52		
01/07/2014 13:27:20	84.90	26:53		
01/07/2014 13:27:21	85.30	26:54		
01/07/2014 13:27:22	85.40	26:55		
01/07/2014 13:27:23	86.90	26:56		
01/07/2014 13:27:24	82.60	26:57		
01/07/2014 13:27:25	86.60	26:58		
01/07/2014 13:27:26	83.90	26:59		
01/07/2014 13:27:27	86.10	27:00		
01/07/2014 13:27:28	87.70	27:01		
01/07/2014 13:27:29	85.90	27:02		
01/07/2014 13:27:30	86.10	27:03		
01/07/2014 13:27:31	86.30	27:04		
01/07/2014 13:27:32	85.70	27:05		
01/07/2014 13:27:33	87.00	27:06		
01/07/2014 13:27:34	85.60	27:07		
01/07/2014 13:27:35	83.40	27:08		
01/07/2014 13:27:36	84.30	27:09		
01/07/2014 13:27:37	85.80	27:10		
01/07/2014 13:27:38	84.20	27:11		
01/07/2014 13:27:39	83.50	27:12		
01/07/2014 13:27:40	84.20	27:13		
01/07/2014 13:27:41	85.10	27:14		
01/07/2014 13:27:42	86.80	27:15		
01/07/2014 13:27:43	90.70	27:16		
01/07/2014 13:27:44	96.20	27:17		
01/07/2014 13:27:45	94.90	27:18		
01/07/2014 13:27:46	96.60	27:19		
01/07/2014 13:27:47	90.30	27:20		
01/07/2014 13:27:48	89.20	27:21		
01/07/2014 13:27:49	90.40	27:22		
01/07/2014 13:27:50	88.20	27:23		
01/07/2014 13:27:51	94.30	27:24		
01/07/2014 13:27:52	94.50	27:25		
01/07/2014 13:27:53	96.10	27:26		
01/07/2014 13:27:54	94.10	27:27		
01/07/2014 13:27:55	88.90	27:28		
01/07/2014 13:27:56	88.20	27:29		
01/07/2014 13:27:57	90.10	27:30		
01/07/2014 13:27:58	87.20	27:31		
01/07/2014 13:27:59	88.10	27:32		
01/07/2014 13:28:00	87.70	27:33		
01/07/2014 13:28:01	85.70	27:34		
01/07/2014 13:28:02	84.10	27:35		
01/07/2014 13:28:03	85.60	27:36		
01/07/2014 13:28:04	84.80	27:37		
01/07/2014 13:28:05	83.80	27:38		
01/07/2014 13:28:06	83.30	27:39		
01/07/2014 13:28:07	83.80	27:40		
01/07/2014 13:28:08	83.50	27:41		
01/07/2014 13:28:09	82.90	27:42		
01/07/2014 13:28:10	84.90	27:43		
01/07/2014 13:28:11	83.80	27:44		
01/07/2014 13:28:12	87.50	27:45		
01/07/2014 13:28:13	85.40	27:46		
01/07/2014 13:28:14	84.40	27:47		
01/07/2014 13:28:15	83.00	27:48		
01/07/2014 13:28:16	89.30	27:49		
01/07/2014 13:28:17	83.80	27:50		
01/07/2014 13:28:18	84.30	27:51		
01/07/2014 13:28:19	87.20	27:52		
01/07/2014 13:28:20	81.30	27:53		
01/07/2014 13:28:21	87.20	27:54		
01/07/2014 13:28:22	81.60	27:55		
01/07/2014 13:28:23	85.90	27:56		
01/07/2014 13:28:24	85.30	27:57		
01/07/2014 13:28:25	79.80	27:58		
01/07/2014 13:28:26	86.90	27:59		
01/07/2014 13:28:27	86.70	28:00		
01/07/2014 13:28:28	85.00	28:01		
01/07/2014 13:28:29	85.60	28:02		
01/07/2014 13:28:30	82.00	28:03		
01/07/2014 13:28:31	84.90	28:04		
01/07/2014 13:28:32	87.10	28:05		
01/07/2014 13:28:33	80.50	28:06		
01/07/2014 13:28:34	86.20	28:07		
01/07/2014 13:28:35	81.20	28:08		
01/07/2014 13:28:36	85.50	28:09		
01/07/2014 13:28:37	90.30	28:10		
01/07/2014 13:28:38	81.80	28:11		
01/07/2014 13:28:39	84.80	28:12		
01/07/2014 13:28:40	86.00	28:13		
01/07/2014 13:28:41	89.70	28:14		
01/07/2014 13:28:42	87.00	28:15		
01/07/2014 13:28:43	85.20	28:16		
01/07/2014 13:28:44	88.40	28:17		
01/07/2014 13:28:45	86.40	28:18		
01/07/2014 13:28:46	86.10	28:19		
01/07/2014 13:28:47	84.50	28:20		
01/07/2014 13:28:48	85.30	28:21		
01/07/2014 13:28:49	85.40	28:22		
01/07/2014 13:28:50	88.30	28:23		
01/07/2014 13:28:51	90.50	28:24		
01/07/2014 13:28:52	87.00	28:25		
01/07/2014 13:28:53	86.60	28:26		
01/07/2014 13:28:54	97.60	28:27		
01/07/2014 13:28:55	92.90	28:28		
01/07/2014 13:28:56	88.20	28:29		
01/07/2014 13:28:57	94.70	28:30		
01/07/2014 13:28:58	86.10	28:31		
01/07/2014 13:28:59	86.40	28:32		
01/07/2014 13:29:00	82.00	28:33		
01/07/2014 13:29:01	83.20	28:34		
01/07/2014 13:29:02	83.80	28:35		
01/07/2014 13:29:03	84.30	28:36		
01/07/2014 13:29:04	84.20	28:37		
01/07/2014 13:29:05	86.10	28:38		
01/07/2014 13:29:06	82.10	28:39		
01/07/2014 13:29:07	86.70	28:40		
01/07/2014 13:29:08	85.70	28:41		
01/07/2014 13:29:09	87.40	28:42		
01/07/2014 13:29:10	83.00	28:43		
01/07/2014 13:29:11	86.00	28:44		
01/07/2014 13:29:12	86.60	28:45		
01/07/2014 13:29:13	86.30	28:46		
01/07/2014 13:29:14	83.30	28:47		
01/07/2014 13:29:15	88.60	28:48		
01/07/2014 13:29:16	87.40	28:49		
01/07/2014 13:29:17	88.10	28:50		
01/07/2014 13:29:18	82.60	28:51		
01/07/2014 13:29:19	85.60	28:52		
01/07/2014 13:29:20	89.30	28:53		
01/07/2014 13:29:21	89.70	28:54		
01/07/2014 13:29:22	89.50	28:55		
01/07/2014 13:29:23	87.60	28:56		
01/07/2014 13:29:24	87.60	28:57		
01/07/2014 13:29:25	86.50	28:58		
01/07/2014 13:29:26	88.70	28:59		
01/07/2014 13:29:27	88.70	29:00		
01/07/2014 13:29:28	85.90	29:01		
01/07/2014 13:29:29	85.90	29:02		
01/07/2014 13:29:30	88.70	29:03		
01/07/2014 13:29:31	88.40	29:04		
01/07/2014 13:29:32	87.20	29:05		
01/07/2014 13:29:33	92.10	29:06		
01/07/2014 13:29:34	88.50	29:07		
01/07/2014 13:29:35	88.60	29:08		
01/07/2014 13:29:36	88.50	29:09		
01/07/2014 13:29:37	89.20	29:10		
01/07/2014 13:29:38	88.70	29:11		
01/07/2014 13:29:39	86.00	29:12		
01/07/2014 13:29:40	84.70	29:13		
01/07/2014 13:29:41	87.90	29:14		
01/07/2014 13:29:42	87.20	29:15		
01/07/2014 13:29:43	88.10	29:16		
01/07/2014 13:29:44	88.30	29:17		
01/07/2014 13:29:45	87.60	29:18		
01/07/2014 13:29:46	88.90	29:19		
01/07/2014 13:29:47	89.20	29:20		
01/07/2014 13:29:48	89.10	29:21		
01/07/2014 13:29:49	87.40	29:22		
01/07/2014 13:29:50	89.30	29:23		
01/07/2014 13:29:51	90.20	29:24		
01/07/2014 13:29:52	90.30	29:25		
01/07/2014 13:29:53	87.80	29:26		
01/07/2014 13:29:54	86.30	29:27		
01/07/2014 13:29:55	86.90	29:28		
01/07/2014 13:29:56	87.00	29:29		
01/07/2014 13:29:57	88.20	29:30		
01/07/2014 13:29:58	89.00	29:31		
01/07/2014 13:29:59	88.10	29:32		
01/07/2014 13:30:00	91.70	29:33		
01/07/2014 13:30:01	99.60	29:34	Di MarÃ­a patea el tiro de esquina. Garay salta y no llega por muy poco.	jugadaPeligrosaARG
01/07/2014 13:30:02	90.70	29:35		
01/07/2014 13:30:03	88.40	29:36		
01/07/2014 13:30:04	93.30	29:37		
01/07/2014 13:30:05	85.50	29:38		
01/07/2014 13:30:06	87.00	29:39		
01/07/2014 13:30:07	87.00	29:40		
01/07/2014 13:30:08	85.30	29:41		
01/07/2014 13:30:09	85.10	29:42		
01/07/2014 13:30:10	84.90	29:43		
01/07/2014 13:30:11	86.80	29:44		
01/07/2014 13:30:12	85.40	29:45		
01/07/2014 13:30:13	87.70	29:46		
01/07/2014 13:30:14	79.00	29:47		
01/07/2014 13:30:15	85.70	29:48		
01/07/2014 13:30:16	83.20	29:49		
01/07/2014 13:30:17	83.90	29:50		
01/07/2014 13:30:18	85.00	29:51		
01/07/2014 13:30:19	85.20	29:52		
01/07/2014 13:30:20	83.30	29:53		
01/07/2014 13:30:21	80.40	29:54		
01/07/2014 13:30:22	83.60	29:55		
01/07/2014 13:30:23	83.60	29:56		
01/07/2014 13:30:24	82.90	29:57		
01/07/2014 13:30:25	85.20	29:58		
01/07/2014 13:30:26	83.60	29:59		
01/07/2014 13:30:27	85.20	30:00		
01/07/2014 13:30:28	80.40	30:01		
01/07/2014 13:30:29	81.00	30:02		
01/07/2014 13:30:30	82.50	30:03		
01/07/2014 13:30:31	84.80	30:04		
01/07/2014 13:30:32	82.00	30:05		
01/07/2014 13:30:33	81.20	30:06		
01/07/2014 13:30:34	81.00	30:07		
01/07/2014 13:30:35	83.00	30:08		
01/07/2014 13:30:36	80.60	30:09		
01/07/2014 13:30:37	81.00	30:10		
01/07/2014 13:30:38	82.50	30:11		
01/07/2014 13:30:39	80.10	30:12		
01/07/2014 13:30:40	80.90	30:13		
01/07/2014 13:30:41	81.40	30:14		
01/07/2014 13:30:42	81.40	30:15		
01/07/2014 13:30:43	83.40	30:16		
01/07/2014 13:30:44	84.60	30:17		
01/07/2014 13:30:45	79.70	30:18		
01/07/2014 13:30:46	84.30	30:19		
01/07/2014 13:30:47	83.90	30:20		
01/07/2014 13:30:48	84.60	30:21		
01/07/2014 13:30:49	84.00	30:22		
01/07/2014 13:30:50	84.30	30:23		
01/07/2014 13:30:51	83.30	30:24		
01/07/2014 13:30:52	78.50	30:25		
01/07/2014 13:30:53	77.30	30:26		
01/07/2014 13:30:54	85.40	30:27		
01/07/2014 13:30:55	81.20	30:28		
01/07/2014 13:30:56	82.70	30:29		
01/07/2014 13:30:57	83.50	30:30		
01/07/2014 13:30:58	75.90	30:31		
01/07/2014 13:30:59	81.80	30:32		
01/07/2014 13:31:00	83.40	30:33		
01/07/2014 13:31:01	84.60	30:34		
01/07/2014 13:31:02	83.10	30:35		
01/07/2014 13:31:03	81.70	30:36		
01/07/2014 13:31:04	82.30	30:37		
01/07/2014 13:31:05	80.00	30:38		
01/07/2014 13:31:06	84.10	30:39		
01/07/2014 13:31:07	82.10	30:40		
01/07/2014 13:31:08	83.40	30:41		
01/07/2014 13:31:09	83.30	30:42		
01/07/2014 13:31:10	83.00	30:43		
01/07/2014 13:31:11	83.20	30:44		
01/07/2014 13:31:12	83.10	30:45		
01/07/2014 13:31:13	78.70	30:46		
01/07/2014 13:31:14	84.20	30:47		
01/07/2014 13:31:15	84.30	30:48		
01/07/2014 13:31:16	83.70	30:49		
01/07/2014 13:31:17	82.10	30:50		
01/07/2014 13:31:18	84.80	30:51		
01/07/2014 13:31:19	85.50	30:52		
01/07/2014 13:31:20	84.20	30:53		
01/07/2014 13:31:21	85.20	30:54		
01/07/2014 13:31:22	85.50	30:55		
01/07/2014 13:31:23	83.30	30:56		
01/07/2014 13:31:24	84.70	30:57		
01/07/2014 13:31:25	87.30	30:58		
01/07/2014 13:31:26	84.90	30:59		
01/07/2014 13:31:27	87.40	31:00		
01/07/2014 13:31:28	85.50	31:01		
01/07/2014 13:31:29	85.90	31:02		
01/07/2014 13:31:30	84.00	31:03		
01/07/2014 13:31:31	85.50	31:04		
01/07/2014 13:31:32	85.50	31:05		
01/07/2014 13:31:33	85.80	31:06		
01/07/2014 13:31:34	85.30	31:07		
01/07/2014 13:31:35	81.80	31:08		
01/07/2014 13:31:36	84.30	31:09		
01/07/2014 13:31:37	81.90	31:10		
01/07/2014 13:31:38	83.00	31:11		
01/07/2014 13:31:39	82.30	31:12		
01/07/2014 13:31:40	84.60	31:13		
01/07/2014 13:31:41	82.30	31:14		
01/07/2014 13:31:42	82.80	31:15		
01/07/2014 13:31:43	85.50	31:16		
01/07/2014 13:31:44	85.10	31:17		
01/07/2014 13:31:45	84.20	31:18		
01/07/2014 13:31:46	86.50	31:19		
01/07/2014 13:31:47	81.40	31:20		
01/07/2014 13:31:48	84.10	31:21		
01/07/2014 13:31:49	76.70	31:22		
01/07/2014 13:31:50	84.40	31:23		
01/07/2014 13:31:51	84.80	31:24		
01/07/2014 13:31:52	80.10	31:25		
01/07/2014 13:31:53	81.90	31:26		
01/07/2014 13:31:54	86.90	31:27		
01/07/2014 13:31:55	84.10	31:28		
01/07/2014 13:31:56	86.00	31:29		
01/07/2014 13:31:57	85.20	31:30		
01/07/2014 13:31:58	83.00	31:31		
01/07/2014 13:31:59	84.30	31:32		
01/07/2014 13:32:00	84.10	31:33		
01/07/2014 13:32:01	82.90	31:34		
01/07/2014 13:32:02	81.80	31:35		
01/07/2014 13:32:03	85.40	31:36		
01/07/2014 13:32:04	87.10	31:37		
01/07/2014 13:32:05	85.90	31:38		
01/07/2014 13:32:06	85.70	31:39		
01/07/2014 13:32:07	86.40	31:40		
01/07/2014 13:32:08	86.70	31:41		
01/07/2014 13:32:09	85.90	31:42		
01/07/2014 13:32:10	96.40	31:43		
01/07/2014 13:32:11	93.80	31:44		
01/07/2014 13:32:12	91.30	31:45		
01/07/2014 13:32:13	86.70	31:46		
01/07/2014 13:32:14	86.80	31:47		
01/07/2014 13:32:15	85.90	31:48		
01/07/2014 13:32:16	87.60	31:49		
01/07/2014 13:32:17	87.80	31:50		
01/07/2014 13:32:18	88.80	31:51		
01/07/2014 13:32:19	87.70	31:52		
01/07/2014 13:32:20	96.80	31:53		
01/07/2014 13:32:21	97.80	31:54		
01/07/2014 13:32:22	92.10	31:55		
01/07/2014 13:32:23	86.40	31:56		
01/07/2014 13:32:24	88.40	31:57		
01/07/2014 13:32:25	88.20	31:58		
01/07/2014 13:32:26	96.90	31:59		
01/07/2014 13:32:27	90.30	32:00		
01/07/2014 13:32:28	91.10	32:01		
01/07/2014 13:32:29	87.00	32:02		
01/07/2014 13:32:30	87.70	32:03		
01/07/2014 13:32:31	88.00	32:04		
01/07/2014 13:32:32	87.30	32:05		
01/07/2014 13:32:33	86.00	32:06		
01/07/2014 13:32:34	86.90	32:07		
01/07/2014 13:32:35	83.90	32:08		
01/07/2014 13:32:36	89.90	32:09		
01/07/2014 13:32:37	87.10	32:10		
01/07/2014 13:32:38	87.30	32:11		
01/07/2014 13:32:39	88.20	32:12		
01/07/2014 13:32:40	86.40	32:13		
01/07/2014 13:32:41	84.90	32:14		
01/07/2014 13:32:42	87.30	32:15		
01/07/2014 13:32:43	87.50	32:16		
01/07/2014 13:32:44	85.90	32:17		
01/07/2014 13:32:45	88.10	32:18		
01/07/2014 13:32:46	84.10	32:19		
01/07/2014 13:32:47	88.30	32:20		
01/07/2014 13:32:48	85.60	32:21		
01/07/2014 13:32:49	85.80	32:22		
01/07/2014 13:32:50	86.10	32:23		
01/07/2014 13:32:51	84.40	32:24		
01/07/2014 13:32:52	87.00	32:25		
01/07/2014 13:32:53	85.70	32:26		
01/07/2014 13:32:54	87.30	32:27		
01/07/2014 13:32:55	86.50	32:28		
01/07/2014 13:32:56	87.20	32:29		
01/07/2014 13:32:57	82.60	32:30		
01/07/2014 13:32:58	86.80	32:31		
01/07/2014 13:32:59	86.30	32:32		
01/07/2014 13:33:00	86.30	32:33		
01/07/2014 13:33:01	89.00	32:34		
01/07/2014 13:33:02	87.50	32:35		
01/07/2014 13:33:03	86.60	32:36		
01/07/2014 13:33:04	83.50	32:37		
01/07/2014 13:33:05	86.20	32:38		
01/07/2014 13:33:06	79.90	32:39		
01/07/2014 13:33:07	83.80	32:40		
01/07/2014 13:33:08	80.70	32:41		
01/07/2014 13:33:09	85.50	32:42		
01/07/2014 13:33:10	83.20	32:43		
01/07/2014 13:33:11	84.10	32:44		
01/07/2014 13:33:12	83.40	32:45		
01/07/2014 13:33:13	85.00	32:46		
01/07/2014 13:33:14	83.40	32:47		
01/07/2014 13:33:15	84.80	32:48		
01/07/2014 13:33:16	85.70	32:49		
01/07/2014 13:33:17	87.30	32:50		
01/07/2014 13:33:18	83.00	32:51		
01/07/2014 13:33:19	86.20	32:52		
01/07/2014 13:33:20	86.40	32:53		
01/07/2014 13:33:21	85.20	32:54		
01/07/2014 13:33:22	85.40	32:55		
01/07/2014 13:33:23	84.40	32:56		
01/07/2014 13:33:24	77.40	32:57		
01/07/2014 13:33:25	83.30	32:58		
01/07/2014 13:33:26	83.00	32:59		
01/07/2014 13:33:27	83.80	33:00		
01/07/2014 13:33:28	85.90	33:01		
01/07/2014 13:33:29	80.70	33:02		
01/07/2014 13:33:30	82.60	33:03		
01/07/2014 13:33:31	84.20	33:04		
01/07/2014 13:33:32	87.10	33:05		
01/07/2014 13:33:33	88.90	33:06		
01/07/2014 13:33:34	86.20	33:07		
01/07/2014 13:33:35	85.20	33:08		
01/07/2014 13:33:36	85.10	33:09		
01/07/2014 13:33:37	86.70	33:10		
01/07/2014 13:33:38	83.10	33:11		
01/07/2014 13:33:39	85.60	33:12		
01/07/2014 13:33:40	83.40	33:13		
01/07/2014 13:33:41	83.40	33:14		
01/07/2014 13:33:42	82.60	33:15		
01/07/2014 13:33:43	85.00	33:16		
01/07/2014 13:33:44	85.10	33:17		
01/07/2014 13:33:45	84.30	33:18		
01/07/2014 13:33:46	84.10	33:19		
01/07/2014 13:33:47	85.90	33:20		
01/07/2014 13:33:48	84.90	33:21		
01/07/2014 13:33:49	82.00	33:22		
01/07/2014 13:33:50	85.30	33:23		
01/07/2014 13:33:51	84.40	33:24		
01/07/2014 13:33:52	83.70	33:25		
01/07/2014 13:33:53	86.90	33:26		
01/07/2014 13:33:54	85.70	33:27		
01/07/2014 13:33:55	79.20	33:28		
01/07/2014 13:33:56	86.10	33:29		
01/07/2014 13:33:57	85.20	33:30		
01/07/2014 13:33:58	83.30	33:31		
01/07/2014 13:33:59	85.80	33:32		
01/07/2014 13:34:00	83.30	33:33		
01/07/2014 13:34:01	84.70	33:34		
01/07/2014 13:34:02	84.60	33:35		
01/07/2014 13:34:03	82.90	33:36		
01/07/2014 13:34:04	85.50	33:37		
01/07/2014 13:34:05	85.70	33:38		
01/07/2014 13:34:06	83.40	33:39		
01/07/2014 13:34:07	83.80	33:40		
01/07/2014 13:34:08	86.60	33:41		
01/07/2014 13:34:09	84.50	33:42		
01/07/2014 13:34:10	86.30	33:43		
01/07/2014 13:34:11	85.20	33:44		
01/07/2014 13:34:12	85.80	33:45		
01/07/2014 13:34:13	82.60	33:46		
01/07/2014 13:34:14	84.80	33:47		
01/07/2014 13:34:15	83.50	33:48		
01/07/2014 13:34:16	85.00	33:49		
01/07/2014 13:34:17	86.10	33:50		
01/07/2014 13:34:18	88.10	33:51		
01/07/2014 13:34:19	86.30	33:52		
01/07/2014 13:34:20	87.00	33:53		
01/07/2014 13:34:21	83.20	33:54		
01/07/2014 13:34:22	82.40	33:55		
01/07/2014 13:34:23	86.10	33:56		
01/07/2014 13:34:24	84.10	33:57		
01/07/2014 13:34:25	86.90	33:58		
01/07/2014 13:34:26	84.80	33:59		
01/07/2014 13:34:27	84.90	34:00		
01/07/2014 13:34:28	83.50	34:01		
01/07/2014 13:34:29	84.60	34:02		
01/07/2014 13:34:30	84.20	34:03		
01/07/2014 13:34:31	84.90	34:04		
01/07/2014 13:34:32	84.80	34:05		
01/07/2014 13:34:33	83.80	34:06		
01/07/2014 13:34:34	81.10	34:07		
01/07/2014 13:34:35	83.80	34:08		
01/07/2014 13:34:36	85.40	34:09		
01/07/2014 13:34:37	82.90	34:10		
01/07/2014 13:34:38	84.30	34:11		
01/07/2014 13:34:39	83.70	34:12		
01/07/2014 13:34:40	84.60	34:13		
01/07/2014 13:34:41	84.60	34:14		
01/07/2014 13:34:42	84.20	34:15		
01/07/2014 13:34:43	81.70	34:16		
01/07/2014 13:34:44	84.00	34:17		
01/07/2014 13:34:45	83.20	34:18		
01/07/2014 13:34:46	79.70	34:19		
01/07/2014 13:34:47	83.80	34:20		
01/07/2014 13:34:48	78.50	34:21		
01/07/2014 13:34:49	86.50	34:22		
01/07/2014 13:34:50	79.90	34:23		
01/07/2014 13:34:51	85.50	34:24		
01/07/2014 13:34:52	85.30	34:25		
01/07/2014 13:34:53	82.40	34:26		
01/07/2014 13:34:54	82.10	34:27		
01/07/2014 13:34:55	85.20	34:28		
01/07/2014 13:34:56	84.20	34:29		
01/07/2014 13:34:57	83.00	34:30		
01/07/2014 13:34:58	84.40	34:31		
01/07/2014 13:34:59	82.30	34:32		
01/07/2014 13:35:00	83.20	34:33		
01/07/2014 13:35:01	86.40	34:34		
01/07/2014 13:35:02	81.10	34:35		
01/07/2014 13:35:03	85.60	34:36		
01/07/2014 13:35:04	85.10	34:37		
01/07/2014 13:35:05	83.30	34:38		
01/07/2014 13:35:06	86.80	34:39		
01/07/2014 13:35:07	83.90	34:40		
01/07/2014 13:35:08	86.30	34:41		
01/07/2014 13:35:09	78.20	34:42		
01/07/2014 13:35:10	80.90	34:43		
01/07/2014 13:35:11	86.00	34:44		
01/07/2014 13:35:12	82.20	34:45		
01/07/2014 13:35:13	79.20	34:46		
01/07/2014 13:35:14	83.80	34:47		
01/07/2014 13:35:15	84.90	34:48		
01/07/2014 13:35:16	81.70	34:49		
01/07/2014 13:35:17	84.70	34:50		
01/07/2014 13:35:18	85.20	34:51		
01/07/2014 13:35:19	79.80	34:52		
01/07/2014 13:35:20	84.80	34:53		
01/07/2014 13:35:21	82.20	34:54		
01/07/2014 13:35:22	80.10	34:55		
01/07/2014 13:35:23	86.70	34:56		
01/07/2014 13:35:24	85.40	34:57		
01/07/2014 13:35:25	87.10	34:58		
01/07/2014 13:35:26	89.50	34:59		
01/07/2014 13:35:27	93.50	35:00		
01/07/2014 13:35:28	94.80	35:01		
01/07/2014 13:35:29	87.00	35:02		
01/07/2014 13:35:30	83.90	35:03		
01/07/2014 13:35:31	86.00	35:04		
01/07/2014 13:35:32	87.20	35:05		
01/07/2014 13:35:33	85.60	35:06		
01/07/2014 13:35:34	86.00	35:07		
01/07/2014 13:35:35	84.80	35:08		
01/07/2014 13:35:36	84.90	35:09		
01/07/2014 13:35:37	85.40	35:10		
01/07/2014 13:35:38	81.40	35:11		
01/07/2014 13:35:39	84.90	35:12		
01/07/2014 13:35:40	86.70	35:13		
01/07/2014 13:35:41	78.50	35:14		
01/07/2014 13:35:42	83.40	35:15		
01/07/2014 13:35:43	86.20	35:16		
01/07/2014 13:35:44	86.00	35:17		
01/07/2014 13:35:45	87.00	35:18		
01/07/2014 13:35:46	84.30	35:19		
01/07/2014 13:35:47	89.70	35:20		
01/07/2014 13:35:48	90.40	35:21		
01/07/2014 13:35:49	81.60	35:22		
01/07/2014 13:35:50	86.70	35:23		
01/07/2014 13:35:51	82.70	35:24		
01/07/2014 13:35:52	85.40	35:25		
01/07/2014 13:35:53	80.00	35:26		
01/07/2014 13:35:54	88.20	35:27		
01/07/2014 13:35:55	85.00	35:28		
01/07/2014 13:35:56	85.50	35:29		
01/07/2014 13:35:57	85.20	35:30		
01/07/2014 13:35:58	88.10	35:31		
01/07/2014 13:35:59	87.70	35:32		
01/07/2014 13:36:00	86.40	35:33		
01/07/2014 13:36:01	85.70	35:34		
01/07/2014 13:36:02	79.70	35:35		
01/07/2014 13:36:03	89.10	35:36		
01/07/2014 13:36:04	93.30	35:37		
01/07/2014 13:36:05	98.90	35:38		
01/07/2014 13:36:06	101.00	35:39	Lavezzi enfrenta a Xhaka que le comete falta y se gana una tarjeta amarilla.	amarillaSUI
01/07/2014 13:36:07	94.30	35:40		
01/07/2014 13:36:08	95.80	35:41		
01/07/2014 13:36:09	96.80	35:42		
01/07/2014 13:36:10	94.70	35:43		
01/07/2014 13:36:11	90.50	35:44		
01/07/2014 13:36:12	89.40	35:45		
01/07/2014 13:36:13	87.70	35:46		
01/07/2014 13:36:14	86.30	35:47		
01/07/2014 13:36:15	82.30	35:48		
01/07/2014 13:36:16	81.30	35:49		
01/07/2014 13:36:17	84.50	35:50		
01/07/2014 13:36:18	80.00	35:51		
01/07/2014 13:36:19	79.00	35:52		
01/07/2014 13:36:20	86.60	35:53		
01/07/2014 13:36:21	85.70	35:54		
01/07/2014 13:36:22	76.90	35:55		
01/07/2014 13:36:23	79.60	35:56		
01/07/2014 13:36:24	80.70	35:57		
01/07/2014 13:36:25	80.80	35:58		
01/07/2014 13:36:26	80.10	35:59		
01/07/2014 13:36:27	82.90	36:00		
01/07/2014 13:36:28	87.10	36:01		
01/07/2014 13:36:29	86.50	36:02		
01/07/2014 13:36:30	83.70	36:03		
01/07/2014 13:36:31	83.40	36:04		
01/07/2014 13:36:32	81.20	36:05		
01/07/2014 13:36:33	84.00	36:06		
01/07/2014 13:36:34	86.20	36:07		
01/07/2014 13:36:35	85.50	36:08		
01/07/2014 13:36:36	84.20	36:09		
01/07/2014 13:36:37	83.20	36:10		
01/07/2014 13:36:38	85.30	36:11		
01/07/2014 13:36:39	80.80	36:12		
01/07/2014 13:36:40	87.30	36:13		
01/07/2014 13:36:41	83.60	36:14		
01/07/2014 13:36:42	86.50	36:15		
01/07/2014 13:36:43	83.80	36:16		
01/07/2014 13:36:44	80.80	36:17		
01/07/2014 13:36:45	86.20	36:18		
01/07/2014 13:36:46	83.20	36:19		
01/07/2014 13:36:47	81.20	36:20		
01/07/2014 13:36:48	87.90	36:21		
01/07/2014 13:36:49	80.40	36:22		
01/07/2014 13:36:50	83.50	36:23		
01/07/2014 13:36:51	85.60	36:24		
01/07/2014 13:36:52	84.30	36:25		
01/07/2014 13:36:53	73.00	36:26		
01/07/2014 13:36:54	82.80	36:27		
01/07/2014 13:36:55	84.50	36:28		
01/07/2014 13:36:56	82.60	36:29		
01/07/2014 13:36:57	85.70	36:30		
01/07/2014 13:36:58	81.50	36:31		
01/07/2014 13:36:59	83.90	36:32		
01/07/2014 13:37:00	83.50	36:33		
01/07/2014 13:37:01	84.40	36:34		
01/07/2014 13:37:02	75.00	36:35		
01/07/2014 13:37:03	84.30	36:36		
01/07/2014 13:37:04	83.60	36:37		
01/07/2014 13:37:05	83.60	36:38		
01/07/2014 13:37:06	82.60	36:39		
01/07/2014 13:37:07	82.40	36:40		
01/07/2014 13:37:08	82.90	36:41		
01/07/2014 13:37:09	78.70	36:42		
01/07/2014 13:37:10	84.10	36:43		
01/07/2014 13:37:11	83.30	36:44		
01/07/2014 13:37:12	82.10	36:45		
01/07/2014 13:37:13	83.80	36:46		
01/07/2014 13:37:14	86.10	36:47		
01/07/2014 13:37:15	85.50	36:48		
01/07/2014 13:37:16	84.90	36:49		
01/07/2014 13:37:17	85.90	36:50		
01/07/2014 13:37:18	83.10	36:51		
01/07/2014 13:37:19	80.40	36:52		
01/07/2014 13:37:20	83.00	36:53		
01/07/2014 13:37:21	84.70	36:54		
01/07/2014 13:37:22	82.40	36:55		
01/07/2014 13:37:23	80.50	36:56		
01/07/2014 13:37:24	82.30	36:57		
01/07/2014 13:37:25	82.50	36:58		
01/07/2014 13:37:26	84.10	36:59		
01/07/2014 13:37:27	80.50	37:00		
01/07/2014 13:37:28	83.60	37:01		
01/07/2014 13:37:29	81.80	37:02		
01/07/2014 13:37:30	86.00	37:03		
01/07/2014 13:37:31	82.90	37:04		
01/07/2014 13:37:32	84.60	37:05		
01/07/2014 13:37:33	82.60	37:06		
01/07/2014 13:37:34	82.50	37:07		
01/07/2014 13:37:35	80.20	37:08		
01/07/2014 13:37:36	82.90	37:09		
01/07/2014 13:37:37	81.00	37:10		
01/07/2014 13:37:38	83.10	37:11		
01/07/2014 13:37:39	86.70	37:12		
01/07/2014 13:37:40	84.40	37:13		
01/07/2014 13:37:41	86.00	37:14		
01/07/2014 13:37:42	84.50	37:15		
01/07/2014 13:37:43	79.80	37:16		
01/07/2014 13:37:44	81.40	37:17		
01/07/2014 13:37:45	85.00	37:18		
01/07/2014 13:37:46	78.20	37:19		
01/07/2014 13:37:47	84.60	37:20		
01/07/2014 13:37:48	75.50	37:21		
01/07/2014 13:37:49	80.50	37:22		
01/07/2014 13:37:50	83.70	37:23		
01/07/2014 13:37:51	79.30	37:24		
01/07/2014 13:37:52	84.30	37:25		
01/07/2014 13:37:53	80.90	37:26		
01/07/2014 13:37:54	81.60	37:27		
01/07/2014 13:37:55	83.00	37:28		
01/07/2014 13:37:56	77.60	37:29		
01/07/2014 13:37:57	85.70	37:30		
01/07/2014 13:37:58	84.00	37:31		
01/07/2014 13:37:59	85.70	37:32		
01/07/2014 13:38:00	83.30	37:33		
01/07/2014 13:38:01	83.30	37:34		
01/07/2014 13:38:02	79.50	37:35		
01/07/2014 13:38:03	83.90	37:36		
01/07/2014 13:38:04	81.50	37:37		
01/07/2014 13:38:05	83.20	37:38		
01/07/2014 13:38:06	82.50	37:39		
01/07/2014 13:38:07	79.80	37:40		
01/07/2014 13:38:08	74.90	37:41		
01/07/2014 13:38:09	84.20	37:42		
01/07/2014 13:38:10	83.60	37:43		
01/07/2014 13:38:11	76.70	37:44		
01/07/2014 13:38:12	85.50	37:45		
01/07/2014 13:38:13	83.80	37:46		
01/07/2014 13:38:14	82.80	37:47		
01/07/2014 13:38:15	83.40	37:48		
01/07/2014 13:38:16	76.20	37:49		
01/07/2014 13:38:17	85.30	37:50		
01/07/2014 13:38:18	76.70	37:51		
01/07/2014 13:38:19	83.50	37:52		
01/07/2014 13:38:20	81.80	37:53		
01/07/2014 13:38:21	82.80	37:54		
01/07/2014 13:38:22	83.70	37:55		
01/07/2014 13:38:23	82.80	37:56		
01/07/2014 13:38:24	84.50	37:57		
01/07/2014 13:38:25	85.60	37:58		
01/07/2014 13:38:26	86.10	37:59		
01/07/2014 13:38:27	84.90	38:00		
01/07/2014 13:38:28	83.00	38:01		
01/07/2014 13:38:29	81.00	38:02		
01/07/2014 13:38:30	84.40	38:03		
01/07/2014 13:38:31	83.30	38:04		
01/07/2014 13:38:32	80.60	38:05		
01/07/2014 13:38:33	83.60	38:06		
01/07/2014 13:38:34	81.90	38:07		
01/07/2014 13:38:35	83.60	38:08		
01/07/2014 13:38:36	83.30	38:09		
01/07/2014 13:38:37	85.30	38:10		
01/07/2014 13:38:38	81.60	38:11		
01/07/2014 13:38:39	88.80	38:12		
01/07/2014 13:38:40	90.10	38:13		
01/07/2014 13:38:41	86.70	38:14		
01/07/2014 13:38:42	89.80	38:15		
01/07/2014 13:38:43	89.40	38:16		
01/07/2014 13:38:44	84.60	38:17		
01/07/2014 13:38:45	84.80	38:18		
01/07/2014 13:38:46	85.20	38:19		
01/07/2014 13:38:47	83.80	38:20		
01/07/2014 13:38:48	85.20	38:21		
01/07/2014 13:38:49	85.40	38:22		
01/07/2014 13:38:50	86.60	38:23		
01/07/2014 13:38:51	87.00	38:24		
01/07/2014 13:38:52	93.60	38:25		
01/07/2014 13:38:53	99.60	38:26	Excelente pase de Shaqiri deja a Drmic mano a mano con Romero. El argentino se queda con la pelota.	jugadaPeligrosaSUI
01/07/2014 13:38:54	95.60	38:27		
01/07/2014 13:38:55	95.50	38:28		
01/07/2014 13:38:56	96.40	38:29		
01/07/2014 13:38:57	90.20	38:30		
01/07/2014 13:38:58	88.90	38:31		
01/07/2014 13:38:59	88.70	38:32		
01/07/2014 13:39:00	86.30	38:33		
01/07/2014 13:39:01	85.30	38:34		
01/07/2014 13:39:02	85.90	38:35		
01/07/2014 13:39:03	85.50	38:36		
01/07/2014 13:39:04	85.60	38:37		
01/07/2014 13:39:05	85.90	38:38		
01/07/2014 13:39:06	84.80	38:39		
01/07/2014 13:39:07	83.90	38:40		
01/07/2014 13:39:08	85.20	38:41		
01/07/2014 13:39:09	84.60	38:42		
01/07/2014 13:39:10	80.40	38:43		
01/07/2014 13:39:11	84.30	38:44		
01/07/2014 13:39:12	86.40	38:45		
01/07/2014 13:39:13	82.10	38:46		
01/07/2014 13:39:14	85.00	38:47		
01/07/2014 13:39:15	85.50	38:48		
01/07/2014 13:39:16	82.70	38:49		
01/07/2014 13:39:17	85.40	38:50		
01/07/2014 13:39:18	84.60	38:51		
01/07/2014 13:39:19	80.40	38:52		
01/07/2014 13:39:20	82.10	38:53		
01/07/2014 13:39:21	84.50	38:54		
01/07/2014 13:39:22	83.40	38:55		
01/07/2014 13:39:23	82.60	38:56		
01/07/2014 13:39:24	83.80	38:57		
01/07/2014 13:39:25	82.10	38:58		
01/07/2014 13:39:26	82.10	38:59		
01/07/2014 13:39:27	83.60	39:00		
01/07/2014 13:39:28	84.00	39:01		
01/07/2014 13:39:29	83.40	39:02		
01/07/2014 13:39:30	85.70	39:03		
01/07/2014 13:39:31	85.70	39:04		
01/07/2014 13:39:32	85.20	39:05		
01/07/2014 13:39:33	84.50	39:06		
01/07/2014 13:39:34	83.10	39:07		
01/07/2014 13:39:35	86.80	39:08		
01/07/2014 13:39:36	86.40	39:09		
01/07/2014 13:39:37	86.20	39:10		
01/07/2014 13:39:38	86.60	39:11		
01/07/2014 13:39:39	85.30	39:12		
01/07/2014 13:39:40	89.60	39:13		
01/07/2014 13:39:41	88.90	39:14		
01/07/2014 13:39:42	89.00	39:15		
01/07/2014 13:39:43	87.30	39:16		
01/07/2014 13:39:44	84.30	39:17		
01/07/2014 13:39:45	86.10	39:18		
01/07/2014 13:39:46	84.30	39:19		
01/07/2014 13:39:47	84.70	39:20		
01/07/2014 13:39:48	84.40	39:21		
01/07/2014 13:39:49	85.40	39:22		
01/07/2014 13:39:50	84.00	39:23		
01/07/2014 13:39:51	86.40	39:24		
01/07/2014 13:39:52	85.60	39:25		
01/07/2014 13:39:53	85.10	39:26		
01/07/2014 13:39:54	84.00	39:27		
01/07/2014 13:39:55	84.60	39:28		
01/07/2014 13:39:56	79.90	39:29		
01/07/2014 13:39:57	84.80	39:30		
01/07/2014 13:39:58	83.70	39:31		
01/07/2014 13:39:59	83.90	39:32		
01/07/2014 13:40:00	84.70	39:33		
01/07/2014 13:40:01	80.50	39:34		
01/07/2014 13:40:02	83.20	39:35		
01/07/2014 13:40:03	84.40	39:36		
01/07/2014 13:40:04	81.80	39:37		
01/07/2014 13:40:05	84.60	39:38		
01/07/2014 13:40:06	81.50	39:39		
01/07/2014 13:40:07	81.30	39:40		
01/07/2014 13:40:08	84.50	39:41		
01/07/2014 13:40:09	83.70	39:42		
01/07/2014 13:40:10	82.80	39:43		
01/07/2014 13:40:11	84.40	39:44		
01/07/2014 13:40:12	82.90	39:45		
01/07/2014 13:40:13	81.40	39:46		
01/07/2014 13:40:14	85.00	39:47		
01/07/2014 13:40:15	80.60	39:48		
01/07/2014 13:40:16	87.80	39:49		
01/07/2014 13:40:17	86.40	39:50		
01/07/2014 13:40:18	85.90	39:51		
01/07/2014 13:40:19	84.10	39:52		
01/07/2014 13:40:20	84.20	39:53		
01/07/2014 13:40:21	84.80	39:54		
01/07/2014 13:40:22	87.00	39:55		
01/07/2014 13:40:23	85.90	39:56		
01/07/2014 13:40:24	83.70	39:57		
01/07/2014 13:40:25	84.60	39:58		
01/07/2014 13:40:26	84.80	39:59		
01/07/2014 13:40:27	85.40	40:00		
01/07/2014 13:40:28	86.20	40:01		
01/07/2014 13:40:29	85.10	40:02		
01/07/2014 13:40:30	85.10	40:03		
01/07/2014 13:40:31	82.00	40:04		
01/07/2014 13:40:32	82.10	40:05		
01/07/2014 13:40:33	82.50	40:06		
01/07/2014 13:40:34	81.70	40:07		
01/07/2014 13:40:35	85.20	40:08		
01/07/2014 13:40:36	84.10	40:09		
01/07/2014 13:40:37	84.60	40:10		
01/07/2014 13:40:38	80.90	40:11		
01/07/2014 13:40:39	85.70	40:12		
01/07/2014 13:40:40	79.70	40:13		
01/07/2014 13:40:41	86.00	40:14		
01/07/2014 13:40:42	85.30	40:15		
01/07/2014 13:40:43	80.90	40:16		
01/07/2014 13:40:44	85.70	40:17		
01/07/2014 13:40:45	85.40	40:18		
01/07/2014 13:40:46	84.30	40:19		
01/07/2014 13:40:47	84.40	40:20		
01/07/2014 13:40:48	82.50	40:21		
01/07/2014 13:40:49	82.90	40:22		
01/07/2014 13:40:50	87.00	40:23		
01/07/2014 13:40:51	83.20	40:24		
01/07/2014 13:40:52	84.90	40:25		
01/07/2014 13:40:53	85.30	40:26		
01/07/2014 13:40:54	83.60	40:27		
01/07/2014 13:40:55	84.70	40:28		
01/07/2014 13:40:56	86.20	40:29		
01/07/2014 13:40:57	85.20	40:30		
01/07/2014 13:40:58	84.40	40:31		
01/07/2014 13:40:59	85.20	40:32		
01/07/2014 13:41:00	83.20	40:33		
01/07/2014 13:41:01	80.00	40:34		
01/07/2014 13:41:02	86.00	40:35		
01/07/2014 13:41:03	85.20	40:36		
01/07/2014 13:41:04	82.60	40:37		
01/07/2014 13:41:05	83.70	40:38		
01/07/2014 13:41:06	85.40	40:39		
01/07/2014 13:41:07	86.30	40:40		
01/07/2014 13:41:08	92.10	40:41		
01/07/2014 13:41:09	92.80	40:42		
01/07/2014 13:41:10	90.80	40:43		
01/07/2014 13:41:11	92.80	40:44		
01/07/2014 13:41:12	99.30	40:45	Remate de Di MarÃ­a atajado por el arquero suizo.	jugadaPeligrosaARG
01/07/2014 13:41:13	98.80	40:46		
01/07/2014 13:41:14	88.40	40:47		
01/07/2014 13:41:15	89.10	40:48		
01/07/2014 13:41:16	88.10	40:49		
01/07/2014 13:41:17	89.90	40:50		
01/07/2014 13:41:18	89.40	40:51		
01/07/2014 13:41:19	88.30	40:52		
01/07/2014 13:41:20	88.90	40:53		
01/07/2014 13:41:21	79.40	40:54		
01/07/2014 13:41:22	82.60	40:55		
01/07/2014 13:41:23	81.80	40:56		
01/07/2014 13:41:24	87.00	40:57		
01/07/2014 13:41:25	84.20	40:58		
01/07/2014 13:41:26	79.40	40:59		
01/07/2014 13:41:27	85.20	41:00		
01/07/2014 13:41:28	84.80	41:01		
01/07/2014 13:41:29	79.10	41:02		
01/07/2014 13:41:30	85.40	41:03		
01/07/2014 13:41:31	86.00	41:04		
01/07/2014 13:41:32	80.40	41:05		
01/07/2014 13:41:33	85.20	41:06		
01/07/2014 13:41:34	84.50	41:07		
01/07/2014 13:41:35	84.10	41:08		
01/07/2014 13:41:36	83.20	41:09		
01/07/2014 13:41:37	83.80	41:10		
01/07/2014 13:41:38	82.20	41:11		
01/07/2014 13:41:39	84.60	41:12		
01/07/2014 13:41:40	85.10	41:13		
01/07/2014 13:41:41	84.80	41:14		
01/07/2014 13:41:42	84.80	41:15		
01/07/2014 13:41:43	82.30	41:16		
01/07/2014 13:41:44	83.40	41:17		
01/07/2014 13:41:45	82.00	41:18		
01/07/2014 13:41:46	84.00	41:19		
01/07/2014 13:41:47	81.10	41:20		
01/07/2014 13:41:48	82.10	41:21		
01/07/2014 13:41:49	83.20	41:22		
01/07/2014 13:41:50	87.20	41:23		
01/07/2014 13:41:51	85.70	41:24		
01/07/2014 13:41:52	85.10	41:25		
01/07/2014 13:41:53	80.30	41:26		
01/07/2014 13:41:54	86.80	41:27		
01/07/2014 13:41:55	86.40	41:28		
01/07/2014 13:41:56	80.00	41:29		
01/07/2014 13:41:57	83.00	41:30		
01/07/2014 13:41:58	83.20	41:31		
01/07/2014 13:41:59	81.40	41:32		
01/07/2014 13:42:00	84.30	41:33		
01/07/2014 13:42:01	83.10	41:34		
01/07/2014 13:42:02	83.60	41:35		
01/07/2014 13:42:03	84.10	41:36		
01/07/2014 13:42:04	84.10	41:37		
01/07/2014 13:42:05	82.40	41:38		
01/07/2014 13:42:06	84.50	41:39		
01/07/2014 13:42:07	85.80	41:40		
01/07/2014 13:42:08	82.70	41:41		
01/07/2014 13:42:09	85.30	41:42		
01/07/2014 13:42:10	89.50	41:43		
01/07/2014 13:42:11	85.30	41:44		
01/07/2014 13:42:12	85.00	41:45		
01/07/2014 13:42:13	83.70	41:46		
01/07/2014 13:42:14	90.60	41:47		
01/07/2014 13:42:15	83.80	41:48		
01/07/2014 13:42:16	85.90	41:49		
01/07/2014 13:42:17	84.30	41:50		
01/07/2014 13:42:18	84.10	41:51		
01/07/2014 13:42:19	84.40	41:52		
01/07/2014 13:42:20	84.70	41:53		
01/07/2014 13:42:21	80.40	41:54		
01/07/2014 13:42:22	83.50	41:55		
01/07/2014 13:42:23	84.40	41:56		
01/07/2014 13:42:24	83.30	41:57		
01/07/2014 13:42:25	84.50	41:58		
01/07/2014 13:42:26	84.80	41:59		
01/07/2014 13:42:27	82.50	42:00		
01/07/2014 13:42:28	85.40	42:01		
01/07/2014 13:42:29	81.70	42:02		
01/07/2014 13:42:30	84.40	42:03		
01/07/2014 13:42:31	82.30	42:04		
01/07/2014 13:42:32	82.30	42:05		
01/07/2014 13:42:33	83.30	42:06		
01/07/2014 13:42:34	85.70	42:07		
01/07/2014 13:42:35	86.10	42:08		
01/07/2014 13:42:36	85.00	42:09		
01/07/2014 13:42:37	83.10	42:10		
01/07/2014 13:42:38	85.20	42:11		
01/07/2014 13:42:39	86.40	42:12		
01/07/2014 13:42:40	86.30	42:13		
01/07/2014 13:42:41	84.80	42:14		
01/07/2014 13:42:42	84.00	42:15		
01/07/2014 13:42:43	84.80	42:16		
01/07/2014 13:42:44	84.90	42:17		
01/07/2014 13:42:45	83.60	42:18		
01/07/2014 13:42:46	83.60	42:19		
01/07/2014 13:42:47	83.10	42:20		
01/07/2014 13:42:48	84.10	42:21		
01/07/2014 13:42:49	84.00	42:22		
01/07/2014 13:42:50	83.60	42:23		
01/07/2014 13:42:51	82.40	42:24		
01/07/2014 13:42:52	83.20	42:25		
01/07/2014 13:42:53	86.20	42:26		
01/07/2014 13:42:54	83.50	42:27		
01/07/2014 13:42:55	85.20	42:28		
01/07/2014 13:42:56	84.70	42:29		
01/07/2014 13:42:57	85.40	42:30		
01/07/2014 13:42:58	84.60	42:31		
01/07/2014 13:42:59	83.20	42:32		
01/07/2014 13:43:00	85.00	42:33		
01/07/2014 13:43:01	84.80	42:34		
01/07/2014 13:43:02	85.00	42:35		
01/07/2014 13:43:03	84.40	42:36		
01/07/2014 13:43:04	84.30	42:37		
01/07/2014 13:43:05	84.60	42:38		
01/07/2014 13:43:06	84.20	42:39		
01/07/2014 13:43:07	84.40	42:40		
01/07/2014 13:43:08	81.90	42:41		
01/07/2014 13:43:09	84.20	42:42		
01/07/2014 13:43:10	87.10	42:43		
01/07/2014 13:43:11	84.90	42:44		
01/07/2014 13:43:12	84.70	42:45		
01/07/2014 13:43:13	84.60	42:46		
01/07/2014 13:43:14	84.10	42:47		
01/07/2014 13:43:15	85.70	42:48		
01/07/2014 13:43:16	84.30	42:49		
01/07/2014 13:43:17	85.60	42:50		
01/07/2014 13:43:18	80.00	42:51		
01/07/2014 13:43:19	85.10	42:52		
01/07/2014 13:43:20	85.70	42:53		
01/07/2014 13:43:21	85.90	42:54		
01/07/2014 13:43:22	83.00	42:55		
01/07/2014 13:43:23	85.60	42:56		
01/07/2014 13:43:24	85.70	42:57		
01/07/2014 13:43:25	84.80	42:58		
01/07/2014 13:43:26	85.60	42:59		
01/07/2014 13:43:27	87.40	43:00		
01/07/2014 13:43:28	84.30	43:01		
01/07/2014 13:43:29	85.80	43:02		
01/07/2014 13:43:30	84.70	43:03		
01/07/2014 13:43:31	84.90	43:04		
01/07/2014 13:43:32	81.70	43:05		
01/07/2014 13:43:33	85.70	43:06		
01/07/2014 13:43:34	78.30	43:07		
01/07/2014 13:43:35	84.30	43:08		
01/07/2014 13:43:36	79.10	43:09		
01/07/2014 13:43:37	85.50	43:10		
01/07/2014 13:43:38	82.10	43:11		
01/07/2014 13:43:39	86.40	43:12		
01/07/2014 13:43:40	84.00	43:13		
01/07/2014 13:43:41	84.60	43:14		
01/07/2014 13:43:42	87.00	43:15		
01/07/2014 13:43:43	83.10	43:16		
01/07/2014 13:43:44	81.90	43:17		
01/07/2014 13:43:45	86.30	43:18		
01/07/2014 13:43:46	83.30	43:19		
01/07/2014 13:43:47	83.80	43:20		
01/07/2014 13:43:48	83.00	43:21		
01/07/2014 13:43:49	85.10	43:22		
01/07/2014 13:43:50	85.90	43:23		
01/07/2014 13:43:51	86.90	43:24		
01/07/2014 13:43:52	79.20	43:25		
01/07/2014 13:43:53	86.40	43:26		
01/07/2014 13:43:54	87.20	43:27		
01/07/2014 13:43:55	85.50	43:28		
01/07/2014 13:43:56	86.40	43:29		
01/07/2014 13:43:57	87.50	43:30		
01/07/2014 13:43:58	87.50	43:31		
01/07/2014 13:43:59	89.00	43:32		
01/07/2014 13:44:00	88.00	43:33		
01/07/2014 13:44:01	88.50	43:34		
01/07/2014 13:44:02	90.50	43:35		
01/07/2014 13:44:03	88.70	43:36		
01/07/2014 13:44:04	93.00	43:37		
01/07/2014 13:44:05	91.30	43:38		
01/07/2014 13:44:06	86.70	43:39		
01/07/2014 13:44:07	85.40	43:40		
01/07/2014 13:44:08	83.30	43:41		
01/07/2014 13:44:09	84.70	43:42		
01/07/2014 13:44:10	86.80	43:43		
01/07/2014 13:44:11	87.40	43:44		
01/07/2014 13:44:12	84.70	43:45		
01/07/2014 13:44:13	86.30	43:46		
01/07/2014 13:44:14	86.40	43:47		
01/07/2014 13:44:15	86.90	43:48		
01/07/2014 13:44:16	90.70	43:49		
01/07/2014 13:44:17	93.60	43:50		
01/07/2014 13:44:18	88.60	43:51		
01/07/2014 13:44:19	87.60	43:52		
01/07/2014 13:44:20	88.50	43:53		
01/07/2014 13:44:21	84.10	43:54		
01/07/2014 13:44:22	87.30	43:55		
01/07/2014 13:44:23	85.10	43:56		
01/07/2014 13:44:24	83.60	43:57		
01/07/2014 13:44:25	83.40	43:58		
01/07/2014 13:44:26	80.30	43:59		
01/07/2014 13:44:27	78.90	44:00		
01/07/2014 13:44:28	84.90	44:01		
01/07/2014 13:44:29	87.80	44:02		
01/07/2014 13:44:30	83.10	44:03		
01/07/2014 13:44:31	87.00	44:04		
01/07/2014 13:44:32	87.30	44:05		
01/07/2014 13:44:33	84.40	44:06		
01/07/2014 13:44:34	79.50	44:07		
01/07/2014 13:44:35	85.80	44:08		
01/07/2014 13:44:36	84.30	44:09		
01/07/2014 13:44:37	84.00	44:10		
01/07/2014 13:44:38	87.20	44:11		
01/07/2014 13:44:39	81.80	44:12		
01/07/2014 13:44:40	86.50	44:13		
01/07/2014 13:44:41	85.40	44:14		
01/07/2014 13:44:42	86.40	44:15		
01/07/2014 13:44:43	83.30	44:16		
01/07/2014 13:44:44	87.00	44:17		
01/07/2014 13:44:45	85.70	44:18		
01/07/2014 13:44:46	85.00	44:19		
01/07/2014 13:44:47	86.00	44:20		
01/07/2014 13:44:48	84.60	44:21		
01/07/2014 13:44:49	88.20	44:22		
01/07/2014 13:44:50	87.30	44:23		
01/07/2014 13:44:51	86.90	44:24		
01/07/2014 13:44:52	86.80	44:25		
01/07/2014 13:44:53	87.30	44:26		
01/07/2014 13:44:54	84.60	44:27		
01/07/2014 13:44:55	86.40	44:28		
01/07/2014 13:44:56	87.70	44:29		
01/07/2014 13:44:57	86.30	44:30		
01/07/2014 13:44:58	85.60	44:31		
01/07/2014 13:44:59	86.50	44:32		
01/07/2014 13:45:00	84.90	44:33		
01/07/2014 13:45:01	82.90	44:34		
01/07/2014 13:45:02	81.90	44:35		
01/07/2014 13:45:03	82.30	44:36		
01/07/2014 13:45:04	82.10	44:37		
01/07/2014 13:45:05	84.00	44:38		
01/07/2014 13:45:06	86.50	44:39		
01/07/2014 13:45:07	83.50	44:40		
01/07/2014 13:45:08	82.50	44:41		
01/07/2014 13:45:09	89.60	44:42		
01/07/2014 13:45:10	80.40	44:43		
01/07/2014 13:45:11	88.00	44:44		
01/07/2014 13:45:12	87.20	44:45		
01/07/2014 13:45:13	83.70	44:46		
01/07/2014 13:45:14	77.20	44:47		
01/07/2014 13:45:15	84.70	44:48		
01/07/2014 13:45:16	85.20	44:49		
01/07/2014 13:45:17	85.70	44:50		
01/07/2014 13:45:18	76.40	44:51		
01/07/2014 13:45:19	82.70	44:52		
01/07/2014 13:45:20	83.90	44:53		
01/07/2014 13:45:21	85.60	44:54		
01/07/2014 13:45:22	82.80	44:55		
01/07/2014 13:45:23	85.60	44:56		
01/07/2014 13:45:24	86.10	44:57		
01/07/2014 13:45:25	76.90	44:58		
01/07/2014 13:45:26	85.60	44:59		
01/07/2014 13:45:27	86.00	45:00		
01/07/2014 13:45:28	83.20	45:01		
01/07/2014 13:45:29	85.20	45:02		
01/07/2014 13:45:30	83.50	45:03		
01/07/2014 13:45:31	84.80	45:04		
01/07/2014 13:45:32	82.90	45:05		
01/07/2014 13:45:33	77.00	45:06		
01/07/2014 13:45:34	79.10	45:07		
01/07/2014 13:45:35	88.40	45:08		
01/07/2014 13:45:36	85.40	45:09	TerminÃ³ Primer tiempo	finalPT