decibeles,minutosPartido
"84,50",00:00
"85,30",00:00
"90,50",00:01
"99,20",00:02
"98,10",00:03
"96,30",00:04
"93,60",00:05
"88,80",00:06
"86,80",00:07
"86,60",00:08
"86,60",00:09
"85,60",00:10
"83,00",00:11
"84,60",00:12
"85,60",00:13
"84,70",00:14
"81,90",00:15
"84,70",00:16
"83,30",00:17
"84,10",00:18
"86,30",00:19
"84,50",00:20
"82,50",00:21
"84,40",00:22
"80,50",00:23
"85,30",00:24
"83,30",00:25
"85,20",00:26
"83,70",00:27
"83,60",00:28
"87,30",00:29
"84,80",00:30
"84,30",00:31
"83,90",00:32
"85,60",00:33
"84,30",00:34
"84,20",00:35
"85,40",00:36
"84,20",00:37
"83,00",00:38
"84,60",00:39
"85,60",00:40
"86,10",00:41
"85,90",00:42
"84,30",00:43
"86,20",00:44
"85,10",00:45
"85,20",00:46
"84,20",00:47
"83,90",00:48
"83,80",00:49
"83,40",00:50
"85,10",00:51
"85,10",00:52
"85,20",00:53
"84,20",00:54
"82,50",00:55
"86,00",00:56
"84,40",00:57
"83,40",00:58
"84,40",00:59
"84,40",01:00
"85,00",01:01
"84,20",01:02
"84,50",01:03
"84,00",01:04
"83,70",01:05
"85,80",01:07
"84,00",01:07
"83,70",01:08
"85,80",01:09
"85,80",01:10
"85,30",01:11
"79,50",01:12
"85,40",01:13
"83,30",01:14
"84,30",01:15
"86,40",01:16
"86,80",01:17
"89,00",01:18
"85,70",01:19
"84,60",01:20
"84,30",01:21
"84,70",01:22
"85,30",01:23
"83,40",01:24
"78,80",01:25
"88,40",01:26
"89,80",01:27
"89,30",01:28
"84,90",01:29
"83,20",01:30
"82,60",01:31
"87,10",01:32
"85,70",01:33
"84,80",01:34
"84,20",01:35
"84,90",01:36
"85,50",01:37
"80,60",01:38
"87,50",01:39
"84,00",01:40
"86,20",01:41
"79,70",01:42
"84,50",01:43
"83,10",01:44
"88,40",01:45
"85,00",01:46
"84,20",01:47
"86,00",01:48
"84,70",01:49
"85,80",01:50
"84,20",01:51
"86,60",01:52
"88,10",01:53
"83,00",01:54
"81,90",01:55
"84,40",01:56
"85,80",01:57
"85,60",01:58
"86,40",01:59
"85,70",02:00
"87,40",02:01
"85,50",02:02
"85,60",02:03
"85,60",02:04
"86,80",02:05
"85,70",02:06
"86,10",02:07
"88,20",02:08
"89,10",02:09
"90,60",02:10
"86,90",02:11
"85,20",02:12
"85,70",02:13
"82,90",02:14
"85,60",02:15
"86,60",02:16
"84,00",02:17
"84,70",02:18
"85,00",02:19
"87,00",02:20
"84,20",02:21
"84,00",02:22
"87,10",02:23
"85,00",02:24
"86,60",02:25
"87,50",02:26
"87,00",02:27
"86,30",02:28
"86,40",02:29
"87,60",02:30
"83,50",02:31
"84,10",02:32
"87,50",02:33
"86,40",02:34
"86,00",02:35
"86,10",02:36
"84,80",02:37
"84,30",02:38
"85,20",02:39
"86,10",02:40
"85,60",02:41
"85,40",02:42
"87,20",02:43
"85,50",02:44
"84,60",02:45
"86,70",02:46
"85,90",02:47
"85,30",02:48
"85,20",02:49
"85,40",02:50
"86,20",02:51
"85,60",02:52
"86,10",02:53
"90,40",02:54
"83,70",02:55
"83,90",02:56
"84,40",02:57
"83,80",02:58
"84,50",02:59
"85,40",03:00
"84,50",03:01
"84,30",03:02
"83,10",03:03
"82,20",03:04
"84,40",03:05
"86,10",03:06
"85,40",03:07
"86,50",03:08
"85,90",03:09
"86,80",03:10
"84,90",03:11
"81,60",03:12
"83,30",03:13
"83,40",03:14
"85,50",03:15
"84,00",03:16
"84,30",03:17
"85,50",03:18
"83,60",03:19
"85,20",03:20
"85,20",03:21
"83,50",03:22
"85,60",03:23
"84,00",03:24
"86,20",03:25
"88,20",03:26
"82,70",03:27
"77,40",03:28
"79,20",03:29
"81,30",03:30
"82,30",03:31
"84,50",03:32
"86,30",03:33
"82,90",03:34
"81,30",03:35
"80,60",03:36
"83,10",03:37
"86,60",03:38
"87,80",03:39
"86,30",03:40
"85,20",03:41
"81,70",03:42
"84,70",03:43
"82,20",03:44
"86,50",03:45
"84,20",03:46
"84,60",03:47
"85,40",03:48
"82,70",03:49
"83,30",03:50
"85,20",03:51
"83,20",03:52
"83,70",03:53
"86,00",03:54
"85,20",03:55
"85,60",03:56
"82,90",03:57
"81,30",03:58
"85,40",03:59
"83,50",04:00
"86,20",04:01
"87,70",04:02
"87,90",04:03
"91,20",04:04
"88,90",04:05
"87,10",04:06
"88,40",04:07
"88,90",04:08
"88,10",04:09
"87,80",04:10
"87,80",04:11
"88,30",04:12
"87,10",04:13
"87,60",04:14
"87,80",04:15
"86,60",04:16
"86,10",04:17
"85,40",04:18
"84,70",04:19
"85,10",04:20
"83,40",04:21
"85,30",04:22
"85,50",04:23
"85,20",04:24
"84,10",04:25
"84,10",04:26
"83,80",04:27
"86,00",04:28
"85,80",04:29
"85,70",04:30
"86,10",04:31
"83,60",04:32
"87,10",04:33
"86,50",04:34
"87,40",04:35
"85,80",04:36
"83,60",04:37
"85,40",04:38
"86,30",04:39
"87,20",04:40
"84,30",04:41
"84,50",04:42
"84,30",04:43
"84,70",04:44
"83,80",04:45
"84,80",04:46
"83,30",04:47
"85,60",04:48
"85,70",04:49
"85,30",04:50
"83,80",04:52
"84,90",04:52
"83,60",04:53
"84,30",04:54
"83,20",04:55
"82,30",04:57
"87,40",04:57
"86,50",04:58
"83,90",04:59
"85,20",05:00
"85,00",05:01
"85,60",05:02
"82,20",05:03
"87,40",05:04
"81,60",05:05
"94,50",05:06
"96,50",05:07
"89,30",05:08
"86,50",05:09
"85,10",05:10
"83,40",05:11
"85,10",05:12
"84,40",05:13
"86,90",05:14
"85,80",05:15
"82,20",05:16
"83,60",05:17
"82,50",05:18
"79,70",05:19
"83,20",05:20
"84,90",05:21
"83,50",05:22
"77,10",05:23
"85,00",05:24
"85,60",05:25
"82,60",05:26
"86,70",05:27
"78,80",05:28
"79,80",05:29
"85,90",05:30
"84,30",05:31
"85,80",05:32
"78,40",05:33
"82,00",05:34
"86,70",05:35
"84,00",05:36
"82,90",05:37
"78,40",05:38
"76,70",05:39
"86,20",05:40
"83,30",05:41
"89,30",05:42
"83,10",05:43
"85,00",05:44
"81,40",05:46
"86,30",05:46
"79,20",05:47
"83,10",05:48
"86,00",05:49
"85,00",05:50
"85,20",05:51
"89,60",05:52
"86,10",05:53
"83,00",05:54
"85,30",05:55
"83,70",05:56
"82,30",05:57
"85,40",05:58
"82,90",05:59
"85,90",06:00
"84,00",06:01
"77,80",06:02
"84,70",06:03
"84,40",06:04
"82,10",06:05
"85,50",06:06
"80,60",06:07
"85,30",06:08
"82,50",06:09
"83,50",06:10
"84,30",06:11
"85,60",06:13
"83,40",06:13
"86,10",06:14
"81,30",06:15
"84,30",06:16
"82,80",06:17
"81,90",06:18
"77,80",06:19
"78,50",06:20
"84,90",06:21
"83,90",06:22
"83,00",06:23
"82,10",06:24
"82,40",06:25
"81,60",06:26
"82,70",06:27
"83,90",06:28
"82,90",06:29
"86,30",06:30
"75,40",06:31
"81,50",06:32
"84,80",06:33
"80,60",06:34
"83,10",06:35
"83,10",06:36
"82,50",06:37
"84,20",06:38
"85,00",06:40
"86,30",06:40
"84,80",06:41
"83,70",06:42
"85,00",06:43
"83,00",06:44
"82,30",06:45
"83,60",06:46
"83,80",06:47
"84,90",06:48
"83,50",06:49
"84,30",06:50
"85,50",06:51
"81,10",06:52
"87,00",06:53
"86,20",06:54
"82,70",06:55
"84,50",06:56
"86,80",06:57
"87,40",06:58
"76,80",06:59
"85,20",07:00
"83,20",07:01
"84,80",07:02
"84,50",07:03
"86,60",07:04
"86,00",07:05
"85,90",07:06
"85,70",07:07
"84,10",07:08
"85,50",07:09
"85,50",07:10
"86,60",07:11
"88,20",07:12
"85,20",07:13
"87,50",07:14
"84,40",07:15
"86,00",07:16
"85,80",07:17
"86,20",07:18
"81,60",07:19
"87,50",07:20
"86,30",07:21
"86,80",07:22
"86,60",07:23
"88,10",07:24
"88,70",07:25
"87,50",07:26
"86,10",07:27
"86,30",07:28
"86,60",07:29
"87,10",07:30
"85,50",07:31
"87,40",07:32
"87,70",07:34
"83,40",07:34
"81,60",07:35
"85,60",07:36
"86,10",07:37
"87,40",07:39
"85,60",07:39
"85,20",07:40
"85,20",07:41
"83,20",07:42
"85,80",07:44
"85,60",07:44
"84,80",07:45
"83,90",07:46
"83,10",07:47
"82,90",07:48
"84,80",07:49
"83,40",07:50
"84,10",07:51
"84,30",07:52
"86,10",07:53
"84,20",07:54
"80,40",07:55
"82,20",07:56
"84,80",07:57
"84,40",07:58
"84,80",07:59
"84,80",08:01
"85,40",08:01
"85,70",08:02
"85,00",08:03
"85,30",08:04
"83,90",08:05
"83,40",08:06
"81,80",08:07
"86,70",08:08
"87,90",08:09
"87,00",08:11
"87,90",08:11
"88,40",08:12
"85,80",08:13
"88,00",08:14
"84,40",08:15
"86,40",08:16
"85,00",08:17
"85,70",08:18
"89,10",08:19
"86,70",08:20
"80,90",08:21
"83,60",08:22
"85,20",08:23
"83,70",08:24
"81,20",08:25
"83,10",08:26
"84,80",08:28
"86,90",08:28
"83,10",08:29
"84,10",08:30
"85,00",08:31
"82,90",08:33
"87,80",08:33
"84,20",08:34
"83,60",08:35
"85,30",08:36
"85,50",08:37
"84,80",08:38
"84,60",08:39
"86,40",08:40
"86,00",08:41
"86,10",08:42
"87,00",08:43
"85,40",08:44
"82,40",08:45
"82,30",08:46
"85,80",08:47
"82,60",08:48
"85,70",08:49
"85,90",08:50
"82,30",08:51
"86,20",08:52
"84,60",08:53
"86,90",08:54
"85,00",08:55
"85,20",08:56
"84,40",08:57
"85,00",08:58
"86,20",08:59
"85,00",09:00
"83,30",09:01
"85,20",09:02
"85,20",09:03
"83,20",09:04
"86,40",09:05
"86,60",09:07
"84,30",09:07
"83,80",09:08
"86,70",09:09
"86,20",09:10
"84,10",09:11
"88,10",09:12
"86,50",09:13
"83,20",09:14
"85,30",09:15
"86,00",09:16
"84,70",09:17
"86,00",09:18
"85,80",09:19
"85,60",09:20
"84,50",09:22
"84,30",09:22
"86,50",09:23
"85,10",09:24
"86,30",09:25
"86,10",09:26
"84,70",09:27
"85,90",09:28
"85,40",09:29
"86,30",09:30
"86,60",09:31
"86,90",09:32
"87,60",09:33
"85,30",09:34
"88,00",09:35
"87,20",09:36
"85,40",09:37
"87,40",09:38
"85,70",09:39
"87,00",09:40
"86,80",09:41
"85,30",09:42
"86,10",09:43
"86,20",09:44
"86,40",09:45
"86,60",09:46
"86,20",09:47
"86,10",09:48
"85,10",09:49
"85,70",09:50
"85,90",09:51
"87,70",09:52
"87,10",09:54
"87,70",09:54
"86,00",09:55
"87,30",09:56
"87,80",09:57
"85,40",09:58
"85,70",09:59
"88,00",10:00
"88,50",10:01
"86,90",10:02
"86,60",10:03
"87,20",10:04
"85,70",10:05
"84,90",10:06
"86,70",10:07
"85,30",10:08
"85,90",10:09
"86,10",10:10
"84,50",10:11
"84,90",10:12
"85,30",10:13
"84,60",10:14
"81,00",10:15
"85,40",10:16
"84,90",10:17
"85,30",10:18
"85,50",10:19
"85,60",10:20
"89,90",10:21
"91,30",10:22
"84,70",10:23
"84,80",10:24
"86,20",10:25
"84,40",10:26
"86,20",10:27
"85,30",10:28
"85,00",10:29
"86,10",10:30
"85,00",10:31
"84,00",10:32
"82,90",10:33
"85,10",10:34
"84,80",10:35
"84,40",10:36
"85,90",10:37
"85,90",10:38
"85,60",10:39
"86,60",10:40
"81,90",10:41
"83,00",10:42
"85,20",10:43
"85,60",10:44
"82,00",10:45
"86,70",10:46
"82,80",10:47
"84,00",10:48
"86,80",10:49
"84,60",10:50
"84,60",10:51
"84,00",10:52
"85,70",10:53
"86,00",10:54
"85,10",10:55
"84,90",10:56
"84,20",10:57
"82,90",10:58
"87,60",10:59
"89,50",11:00
"86,50",11:01
"88,70",11:02
"87,90",11:03
"84,70",11:05
"86,30",11:05
"86,10",11:06
"86,10",11:07
"84,80",11:08
"86,90",11:09
"85,80",11:10
"85,90",11:11
"84,30",11:12
"85,40",11:13
"84,10",11:15
"83,60",11:15
"82,40",11:16
"85,10",11:17
"79,80",11:18
"86,60",11:19
"84,30",11:20
"80,60",11:21
"85,60",11:22
"85,60",11:23
"85,70",11:24
"81,50",11:25
"88,10",11:26
"83,40",11:27
"83,00",11:28
"84,60",11:30
"86,90",11:30
"81,50",11:32
"87,00",11:32
"87,20",11:33
"84,60",11:34
"86,80",11:35
"82,30",11:37
"85,90",11:37
"83,80",11:38
"81,40",11:39
"86,50",11:40
"84,80",11:41
"86,40",11:42
"86,80",11:43
"85,50",11:44
"86,60",11:45
"83,00",11:46
"89,10",11:47
"91,20",11:48
"88,10",11:49
"89,50",11:50
"87,10",11:51
"86,00",11:52
"88,90",11:53
"87,60",11:54
"89,10",11:55
"89,90",11:56
"86,30",11:57
"83,80",11:59
"83,40",11:59
"85,90",12:00
"85,00",12:01
"86,30",12:02
"89,00",12:03
"84,60",12:04
"85,90",12:05
"86,80",12:06
"85,00",12:07
"85,60",12:09
"84,40",12:09
"86,50",12:11
"86,20",12:11
"84,30",12:12
"86,00",12:14
"90,00",12:14
"89,20",12:15
"83,60",12:16
"83,90",12:17
"85,70",12:18
"85,80",12:19
"85,90",12:20
"87,00",12:21
"85,70",12:22
"85,40",12:23
"86,70",12:24
"85,70",12:26
"85,40",12:26
"85,10",12:27
"85,80",12:28
"84,40",12:29
"87,20",12:30
"85,90",12:31
"85,10",12:32
"86,00",12:33
"84,20",12:34
"85,90",12:35
"86,10",12:36
"86,00",12:37
"86,70",12:38
"85,50",12:39
"84,90",12:41
"80,30",12:41
"85,20",12:42
"86,60",12:43
"86,20",12:44
"87,90",12:45
"86,80",12:46
"96,00",12:47
"91,80",12:48
"86,30",12:49
"89,30",12:50
"88,70",12:51
"86,00",12:52
"85,80",12:53
"85,90",12:54
"85,90",12:55
"83,30",12:56
"85,60",12:58
"85,60",12:58
"86,40",12:59
"85,20",13:00
"87,00",13:01
"85,10",13:02
"86,60",13:03
"87,90",13:04
"85,90",13:05
"86,10",13:06
"87,30",13:08
"88,80",13:08
"88,30",13:09
"86,10",13:10
"87,90",13:11
"85,10",13:13
"86,10",13:13
"86,80",13:15
"86,40",13:15
"86,20",13:16
"86,40",13:17
"88,40",13:18
"84,50",13:20
"86,00",13:20
"84,20",13:21
"84,50",13:22
"87,30",13:23
"84,70",13:24
"87,40",13:25
"84,20",13:26
"85,40",13:27
"85,60",13:28
"86,10",13:29
"85,40",13:30
"80,00",13:31
"86,30",13:32
"86,80",13:33
"79,70",13:34
"86,80",13:35
"87,50",13:36
"85,80",13:37
"81,60",13:38
"84,40",13:39
"86,30",13:40
"85,40",13:41
"85,40",13:42
"94,40",13:43
"89,10",13:44
"86,30",13:45
"85,20",13:46
"85,30",13:47
"88,00",13:48
"88,30",13:49
"92,00",13:50
"91,00",13:52
"92,40",13:52
"91,80",13:53
"91,00",13:54
"88,90",13:55
"88,40",13:56
"88,10",13:57
"87,80",13:58
"85,60",13:59
"85,90",14:00
"87,00",14:01
"86,70",14:02
"87,20",14:03
"86,50",14:04
"86,00",14:05
"88,00",14:07
"88,20",14:07
"86,60",14:09
"87,40",14:09
"85,90",14:10
"84,90",14:11
"85,70",14:12
"86,30",14:13
"85,80",14:14
"86,00",14:15
"85,80",14:16
"85,90",14:17
"85,20",14:18
"86,30",14:19
"81,10",14:20
"86,70",14:21
"84,40",14:22
"85,90",14:23
"86,80",14:24
"82,70",14:25
"86,20",14:26
"83,00",14:27
"86,90",14:28
"85,40",14:29
"85,50",14:30
"84,30",14:31
"86,40",14:32
"85,70",14:33
"84,90",14:34
"89,40",14:35
"83,40",14:36
"87,20",14:37
"84,80",14:38
"86,60",14:39
"93,20",14:40
"91,60",14:41
"86,10",14:42
"85,60",14:43
"83,40",14:44
"84,60",14:45
"87,10",14:46
"80,40",14:47
"79,60",14:48
"82,70",14:49
"81,30",14:50
"82,40",14:51
"85,50",14:52
"82,80",14:53
"81,90",14:54
"85,00",14:55
"85,40",14:56
"84,00",14:57
"81,80",14:58
"82,00",14:59
"84,60",15:00
"82,10",15:01
"85,60",15:02
"83,10",15:03
"82,90",15:04
"83,60",15:05
"84,80",15:06
"85,80",15:07
"87,40",15:08
"85,40",15:09
"83,50",15:10
"83,60",15:11
"83,90",15:12
"83,10",15:13
"80,60",15:14
"81,70",15:15
"85,60",15:16
"84,20",15:18
"85,20",15:18
"82,80",15:19
"86,40",15:20
"85,80",15:21
"83,20",15:22
"82,40",15:23
"84,00",15:24
"85,70",15:25
"84,10",15:26
"86,90",15:27
"83,70",15:28
"88,10",15:29
"89,20",15:30
"89,10",15:31
"87,60",15:32
"88,60",15:33
"88,80",15:34
"88,70",15:35
"89,10",15:36
"94,30",15:37
"92,60",15:38
"88,50",15:39
"89,80",15:40
"88,60",15:41
"90,70",15:42
"88,20",15:43
"84,60",15:44
"84,70",15:45
"85,50",15:46
"84,40",15:47
"83,80",15:48
"86,70",15:49
"85,50",15:50
"85,60",15:51
"82,70",15:52
"88,80",15:53
"87,70",15:54
"86,60",15:55
"88,10",15:56
"82,20",15:57
"89,10",15:58
"85,20",15:59
"82,50",16:00
"86,50",16:01
"83,70",16:02
"84,60",16:03
"84,20",16:04
"85,20",16:05
"83,80",16:06
"88,20",16:07
"82,40",16:08
"85,60",16:09
"82,30",16:10
"85,50",16:11
"87,10",16:12
"82,70",16:13
"88,90",16:14
"87,50",16:15
"86,50",16:16
"86,20",16:17
"83,20",16:18
"85,70",16:19
"82,90",16:20
"87,00",16:21
"83,80",16:22
"86,80",16:23
"86,20",16:24
"85,10",16:25
"86,40",16:26
"81,70",16:27
"86,10",16:28
"87,30",16:29
"83,70",16:30
"86,20",16:31
"85,30",16:32
"84,10",16:33
"86,50",16:34
"84,50",16:35
"85,80",16:36
"87,10",16:37
"85,30",16:38
"85,50",16:39
"81,80",16:40
"85,50",16:41
"85,80",16:42
"86,60",16:43
"79,10",16:44
"85,30",16:45
"84,20",16:46
"83,60",16:47
"81,20",16:48
"78,50",16:49
"85,90",16:50
"80,40",16:51
"85,30",16:52
"83,80",16:53
"83,00",16:54
"87,90",16:55
"84,70",16:56
"82,40",16:57
"84,80",16:58
"85,70",16:59
"82,40",17:00
"79,70",17:01
"84,30",17:02
"84,20",17:03
"81,10",17:04
"78,40",17:06
"86,60",17:06
"85,90",17:07
"82,10",17:08
"86,50",17:09
"83,60",17:10
"83,40",17:11
"83,50",17:12
"82,90",17:13
"83,20",17:14
"85,10",17:15
"86,30",17:16
"83,70",17:17
"83,00",17:18
"85,20",17:19
"83,50",17:20
"84,30",17:21
"80,80",17:22
"85,80",17:23
"84,20",17:24
"86,20",17:25
"85,50",17:26
"87,30",17:27
"85,30",17:28
"86,70",17:29
"86,10",17:30
"86,70",17:31
"86,30",17:32
"87,30",17:33
"86,30",17:34
"86,10",17:35
"85,40",17:36
"85,00",17:37
"84,20",17:38
"83,40",17:39
"83,70",17:40
"87,80",17:41
"84,40",17:42
"87,10",17:43
"86,60",17:44
"86,60",17:45
"87,30",17:46
"85,70",17:47
"80,10",17:48
"84,50",17:49
"86,70",17:50
"87,80",17:51
"85,20",17:52
"86,50",17:53
"83,10",17:54
"85,60",17:55
"84,80",17:56
"86,50",17:57
"86,40",17:58
"87,10",17:59
"85,70",18:00
"83,90",18:01
"85,70",18:02
"83,70",18:03
"85,90",18:04
"85,50",18:05
"87,00",18:06
"84,20",18:07
"80,70",18:08
"84,50",18:09
"86,20",18:10
"79,20",18:11
"84,10",18:12
"84,80",18:13
"86,30",18:14
"83,90",18:15
"84,70",18:16
"82,70",18:17
"82,80",18:18
"83,90",18:19
"86,00",18:20
"84,30",18:21
"84,90",18:22
"85,10",18:23
"86,50",18:24
"85,90",18:25
"88,00",18:26
"87,20",18:27
"88,20",18:28
"89,40",18:29
"87,70",18:30
"86,20",18:31
"86,00",18:32
"86,20",18:33
"86,10",18:34
"83,40",18:35
"85,50",18:36
"83,90",18:37
"86,20",18:38
"78,80",18:39
"87,30",18:40
"87,40",18:41
"82,60",18:42
"85,30",18:43
"81,60",18:44
"85,10",18:45
"83,40",18:46
"82,00",18:47
"83,90",18:48
"83,70",18:49
"85,80",18:50
"82,60",18:51
"79,30",18:52
"87,50",18:53
"84,10",18:54
"84,60",18:55
"82,70",18:56
"85,00",18:57
"84,40",18:58
"80,20",18:59
"84,70",19:00
"82,20",19:01
"83,50",19:02
"85,00",19:03
"83,90",19:04
"86,50",19:05
"83,80",19:06
"83,80",19:07
"85,00",19:08
"85,40",19:09
"81,10",19:10
"87,50",19:11
"84,10",19:12
"87,30",19:13
"87,50",19:14
"87,30",19:15
"89,50",19:16
"84,50",19:17
"87,00",19:18
"83,50",19:19
"86,00",19:21
"95,90",19:21
"102,60",19:22
"94,40",19:23
"94,10",19:24
"88,80",19:25
"86,00",19:26
"86,80",19:27
"86,60",19:28
"86,10",19:29
"87,90",19:30
"84,70",19:31
"85,80",19:32
"88,10",19:33
"85,20",19:34
"86,60",19:35
"86,20",19:36
"85,60",19:37
"85,90",19:38
"85,50",19:39
"85,70",19:40
"86,50",19:41
"81,90",19:42
"82,90",19:43
"87,40",19:44
"83,70",19:45
"86,50",19:46
"86,30",19:48
"85,60",19:48
"84,40",19:49
"81,80",19:50
"86,90",19:51
"86,90",19:52
"85,30",19:53
"86,50",19:54
"84,70",19:55
"83,70",19:56
"84,70",19:57
"80,70",19:58
"83,00",19:59
"86,50",20:00
"85,60",20:01
"83,00",20:02
"87,30",20:03
"82,20",20:04
"87,20",20:05
"84,80",20:06
"87,40",20:07
"79,00",20:08
"86,60",20:09
"84,70",20:10
"85,30",20:11
"87,40",20:12
"87,70",20:13
"87,40",20:15
"86,60",20:15
"85,90",20:16
"85,10",20:17
"86,10",20:18
"84,60",20:19
"80,00",20:20
"86,30",20:21
"84,60",20:22
"86,60",20:23
"85,10",20:24
"87,20",20:25
"82,70",20:26
"83,30",20:27
"87,50",20:28
"80,80",20:29
"85,80",20:30
"86,30",20:31
"82,60",20:32
"82,30",20:33
"81,90",20:34
"83,90",20:35
"82,90",20:36
"82,20",20:37
"85,70",20:38
"87,70",20:39
"87,60",20:40
"81,50",20:41
"86,40",20:42
"84,70",20:43
"87,60",20:44
"86,60",20:45
"87,10",20:46
"84,50",20:47
"84,70",20:48
"84,90",20:49
"86,10",20:50
"85,80",20:51
"83,90",20:52
"85,80",20:53
"88,50",20:54
"87,80",20:55
"86,50",20:56
"87,40",20:57
"85,70",20:58
"86,00",20:59
"85,90",21:00
"86,40",21:01
"82,90",21:02
"87,10",21:03
"86,20",21:04
"84,70",21:05
"85,00",21:06
"85,90",21:07
"81,40",21:08
"88,80",21:09
"88,20",21:10
"82,70",21:11
"82,50",21:12
"87,40",21:13
"87,40",21:14
"84,80",21:15
"85,00",21:16
"92,50",21:17
"92,20",21:18
"95,10",21:19
"88,00",21:20
"87,80",21:21
"85,30",21:22
"82,50",21:23
"82,20",21:24
"81,40",21:25
"80,60",21:26
"81,10",21:27
"82,10",21:28
"81,40",21:29
"81,70",21:30
"86,10",21:31
"88,00",21:32
"80,20",21:33
"78,30",21:34
"79,90",21:35
"81,40",21:36
"87,70",21:37
"86,20",21:38
"79,00",21:39
"86,10",21:40
"86,70",21:41
"88,80",21:42
"79,30",21:43
"79,10",21:44
"79,40",21:45
"86,10",21:46
"89,10",21:47
"83,00",21:48
"84,40",21:49
"86,30",21:50
"80,30",21:51
"82,30",21:52
"83,70",21:53
"88,70",21:54
"88,20",21:55
"87,80",21:56
"86,40",21:57
"83,50",21:58
"84,10",21:59
"86,30",22:00
"86,20",22:01
"83,50",22:03
"83,60",22:03
"85,60",22:04
"85,20",22:05
"82,90",22:06
"85,00",22:07
"86,10",22:08
"87,70",22:09
"81,00",22:10
"87,60",22:11
"87,70",22:12
"83,70",22:13
"86,70",22:14
"87,10",22:15
"83,40",22:16
"86,40",22:17
"85,70",22:18
"81,80",22:19
"84,10",22:20
"85,00",22:21
"84,80",22:22
"86,10",22:23
"86,30",22:24
"86,40",22:25
"82,10",22:26
"85,60",22:27
"85,40",22:28
"86,10",22:30
"85,80",22:30
"85,00",22:31
"86,50",22:32
"86,90",22:33
"85,30",22:34
"87,10",22:35
"86,10",22:36
"85,10",22:37
"86,20",22:38
"84,10",22:39
"85,80",22:40
"85,60",22:41
"84,50",22:42
"89,10",22:43
"86,10",22:44
"87,70",22:45
"86,90",22:46
"86,80",22:47
"87,70",22:48
"86,70",22:49
"88,10",22:50
"88,40",22:51
"79,50",22:52
"84,80",22:53
"81,40",22:54
"87,00",22:55
"84,30",22:56
"86,80",22:57
"86,50",22:58
"84,60",22:59
"86,50",23:00
"81,50",23:01
"82,00",23:02
"90,50",23:03
"84,20",23:04
"84,20",23:05
"85,90",23:06
"85,20",23:07
"89,80",23:08
"86,90",23:09
"85,70",23:10
"87,80",23:11
"86,90",23:12
"86,60",23:13
"86,50",23:14
"85,50",23:15
"84,00",23:16
"79,70",23:17
"84,30",23:18
"86,10",23:19
"85,00",23:20
"85,80",23:21
"78,60",23:22
"86,50",23:23
"85,70",23:24
"86,70",23:25
"82,90",23:26
"86,00",23:27
"86,50",23:28
"85,50",23:29
"86,60",23:30
"84,60",23:31
"84,80",23:32
"86,50",23:33
"85,20",23:34
"81,80",23:35
"78,10",23:36
"87,30",23:37
"81,50",23:38
"86,90",23:39
"82,50",23:40
"86,70",23:41
"84,40",23:42
"86,60",23:43
"88,20",23:44
"90,30",23:45
"84,80",23:46
"87,90",23:47
"94,50",23:48
"91,10",23:49
"88,80",23:51
"87,30",23:51
"87,00",23:52
"86,90",23:53
"87,60",23:55
"85,70",23:55
"84,60",23:56
"85,40",23:57
"91,50",23:58
"93,10",23:59
"88,90",24:00
"91,60",24:01
"91,10",24:02
"90,70",24:03
"88,80",24:04
"88,90",24:05
"89,50",24:06
"85,70",24:07
"86,80",24:08
"87,30",24:09
"87,70",24:10
"85,60",24:11
"83,00",24:12
"85,90",24:13
"81,40",24:14
"86,10",24:15
"86,30",24:16
"86,70",24:18
"86,20",24:18
"86,90",24:19
"84,60",24:20
"86,90",24:22
"85,40",24:22
"85,60",24:23
"83,90",24:24
"86,30",24:25
"80,50",24:26
"81,10",24:27
"84,80",24:28
"84,50",24:29
"79,00",24:30
"86,60",24:31
"87,60",24:32
"80,80",24:33
"83,50",24:34
"86,50",24:35
"85,50",24:36
"78,20",24:37
"85,70",24:38
"86,60",24:39
"82,00",24:40
"88,80",24:41
"88,80",24:42
"86,10",24:43
"90,60",24:44
"87,00",24:45
"84,40",24:46
"92,20",24:47
"96,20",24:48
"86,70",24:49
"88,60",24:50
"93,10",24:51
"87,90",24:52
"95,50",24:53
"97,10",24:54
"86,80",24:55
"85,20",24:56
"84,20",24:57
"85,00",24:58
"81,70",24:59
"87,30",25:00
"86,20",25:01
"82,40",25:02
"78,10",25:03
"80,00",25:04
"80,30",25:05
"85,40",25:06
"84,70",25:07
"83,00",25:08
"85,70",25:09
"83,20",25:10
"81,30",25:11
"84,00",25:12
"83,90",25:13
"84,50",25:14
"86,30",25:15
"84,50",25:16
"84,10",25:17
"85,90",25:18
"83,80",25:19
"85,30",25:20
"83,80",25:21
"85,20",25:22
"85,40",25:23
"85,30",25:24
"84,00",25:25
"83,40",25:26
"82,50",25:27
"83,00",25:28
"83,10",25:29
"84,80",25:30
"83,20",25:31
"81,30",25:32
"83,70",25:33
"84,80",25:34
"82,90",25:35
"83,40",25:36
"82,90",25:37
"83,60",25:38
"84,70",25:39
"86,10",25:40
"84,60",25:41
"85,60",25:42
"85,50",25:43
"83,90",25:44
"84,40",25:45
"79,60",25:46
"84,20",25:47
"85,70",25:48
"85,50",25:49
"86,10",25:50
"86,90",25:51
"83,60",25:52
"86,20",25:53
"76,50",25:54
"78,30",25:55
"80,10",25:56
"86,80",25:57
"86,10",25:58
"83,80",25:59
"81,30",26:00
"81,10",26:01
"85,90",26:02
"85,80",26:03
"79,30",26:04
"85,90",26:05
"84,50",26:06
"85,20",26:07
"80,60",26:08
"83,10",26:09
"84,50",26:10
"86,50",26:11
"86,60",26:12
"84,90",26:13
"86,90",26:14
"84,60",26:15
"84,50",26:16
"87,40",26:17
"86,60",26:18
"87,30",26:19
"87,20",26:20
"86,50",26:21
"86,60",26:22
"85,70",26:23
"86,50",26:24
"85,50",26:25
"84,70",26:26
"84,20",26:27
"85,10",26:28
"87,20",26:29
"85,30",26:30
"86,60",26:31
"85,20",26:33
"85,90",26:33
"85,90",26:34
"79,10",26:35
"79,50",26:36
"81,00",26:37
"84,40",26:38
"86,50",26:39
"82,60",26:40
"79,90",26:41
"80,60",26:42
"81,40",26:43
"85,60",26:44
"83,30",26:45
"78,90",26:46
"85,90",26:47
"80,80",26:48
"86,50",26:49
"85,00",26:50
"87,50",26:51
"84,90",26:52
"85,30",26:53
"85,40",26:54
"86,90",26:55
"82,60",26:56
"86,60",26:57
"83,90",26:58
"86,10",26:59
"87,70",27:00
"85,90",27:01
"86,10",27:02
"86,30",27:03
"85,70",27:04
"87,00",27:05
"85,60",27:06
"83,40",27:07
"84,30",27:08
"85,80",27:09
"84,20",27:10
"83,50",27:11
"84,20",27:12
"85,10",27:13
"86,80",27:14
"90,70",27:15
"96,20",27:16
"94,90",27:17
"96,60",27:18
"90,30",27:19
"89,20",27:20
"90,40",27:21
"88,20",27:22
"94,30",27:23
"94,50",27:24
"96,10",27:25
"94,10",27:27
"88,90",27:27
"88,20",27:28
"90,10",27:29
"87,20",27:30
"88,10",27:31
"87,70",27:32
"85,70",27:33
"84,10",27:34
"85,60",27:35
"84,80",27:36
"83,80",27:37
"83,30",27:38
"83,80",27:39
"83,50",27:40
"82,90",27:41
"84,90",27:42
"83,80",27:43
"87,50",27:44
"85,40",27:45
"84,40",27:46
"83,00",27:47
"89,30",27:48
"83,80",27:49
"84,30",27:50
"87,20",27:51
"81,30",27:52
"87,20",27:53
"81,60",27:54
"85,90",27:55
"85,30",27:56
"79,80",27:57
"86,90",27:58
"86,70",27:59
"85,00",28:00
"85,60",28:01
"82,00",28:02
"84,90",28:03
"87,10",28:04
"80,50",28:05
"86,20",28:06
"81,20",28:07
"85,50",28:08
"90,30",28:09
"81,80",28:10
"84,80",28:11
"86,00",28:12
"89,70",28:13
"87,00",28:14
"85,20",28:15
"88,40",28:16
"86,40",28:17
"86,10",28:18
"84,50",28:19
"85,30",28:21
"85,40",28:21
"88,30",28:22
"90,50",28:23
"87,00",28:24
"86,60",28:25
"97,60",28:26
"92,90",28:27
"88,20",28:28
"94,70",28:29
"86,10",28:30
"86,40",28:31
"82,00",28:32
"83,20",28:33
"83,80",28:34
"84,30",28:35
"84,20",28:36
"86,10",28:37
"82,10",28:38
"86,70",28:39
"85,70",28:40
"87,40",28:41
"83,00",28:42
"86,00",28:43
"86,60",28:44
"86,30",28:45
"83,30",28:46
"88,60",28:47
"87,40",28:48
"88,10",28:49
"82,60",28:50
"85,60",28:51
"89,30",28:52
"89,70",28:53
"89,50",28:54
"87,60",28:55
"87,60",28:56
"86,50",28:57
"88,70",28:58
"88,70",28:59
"85,90",29:00
"85,90",29:01
"88,70",29:02
"88,40",29:03
"87,20",29:04
"92,10",29:05
"88,50",29:06
"88,60",29:07
"88,50",29:08
"89,20",29:09
"88,70",29:10
"86,00",29:11
"84,70",29:12
"87,90",29:13
"87,20",29:15
"88,10",29:15
"88,30",29:16
"87,60",29:17
"88,90",29:18
"89,20",29:19
"89,10",29:20
"87,40",29:21
"89,30",29:22
"90,20",29:23
"90,30",29:24
"87,80",29:25
"86,30",29:26
"86,90",29:27
"87,00",29:28
"88,20",29:29
"89,00",29:30
"88,10",29:31
"91,70",29:32
"99,60",29:33
"90,70",29:34
"88,40",29:35
"93,30",29:36
"85,50",29:37
"87,00",29:38
"87,00",29:39
"85,30",29:40
"85,10",29:41
"84,90",29:42
"86,80",29:43
"85,40",29:44
"87,70",29:45
"79,00",29:46
"85,70",29:47
"83,20",29:48
"83,90",29:49
"85,00",29:50
"85,20",29:51
"83,30",29:52
"80,40",29:53
"83,60",29:54
"83,60",29:55
"82,90",29:56
"85,20",29:57
"83,60",29:58
"85,20",29:59
"80,40",30:00
"81,00",30:01
"82,50",30:02
"84,80",30:03
"82,00",30:04
"81,20",30:05
"81,00",30:06
"83,00",30:07
"80,60",30:08
"81,00",30:09
"82,50",30:10
"80,10",30:11
"80,90",30:12
"81,40",30:13
"81,40",30:14
"83,40",30:15
"84,60",30:16
"79,70",30:17
"84,30",30:18
"83,90",30:19
"84,60",30:20
"84,00",30:21
"84,30",30:22
"83,30",30:23
"78,50",30:24
"77,30",30:25
"85,40",30:26
"81,20",30:27
"82,70",30:28
"83,50",30:29
"75,90",30:30
"81,80",30:31
"83,40",30:32
"84,60",30:33
"83,10",30:34
"81,70",30:36
"82,30",30:36
"80,00",30:37
"84,10",30:38
"82,10",30:40
"83,40",30:40
"83,30",30:41
"83,00",30:42
"83,20",30:43
"83,10",30:44
"78,70",30:45
"84,20",30:46
"84,30",30:47
"83,70",30:48
"82,10",30:49
"84,80",30:50
"85,50",30:51
"84,20",30:52
"85,20",30:53
"85,50",30:54
"83,30",30:55
"84,70",30:56
"87,30",30:57
"84,90",30:58
"87,40",30:59
"85,50",31:00
"85,90",31:01
"84,00",31:02
"85,50",31:03
"85,50",31:04
"85,80",31:05
"85,30",31:06
"81,80",31:07
"84,30",31:08
"81,90",31:09
"83,00",31:10
"82,30",31:11
"84,60",31:12
"82,30",31:13
"82,80",31:14
"85,50",31:15
"85,10",31:16
"84,20",31:17
"86,50",31:18
"81,40",31:19
"84,10",31:20
"76,70",31:21
"84,40",31:22
"84,80",31:23
"80,10",31:24
"81,90",31:25
"86,90",31:26
"84,10",31:27
"86,00",31:28
"85,20",31:29
"83,00",31:30
"84,30",31:31
"84,10",31:32
"82,90",31:33
"81,80",31:34
"85,40",31:35
"87,10",31:36
"85,90",31:37
"85,70",31:38
"86,40",31:39
"86,70",31:40
"85,90",31:41
"96,40",31:42
"93,80",31:43
"91,30",31:44
"86,70",31:45
"86,80",31:46
"85,90",31:47
"87,60",31:48
"87,80",31:49
"88,80",31:50
"87,70",31:51
"96,80",31:52
"97,80",31:53
"92,10",31:54
"86,40",31:55
"88,40",31:56
"88,20",31:57
"96,90",31:58
"90,30",31:59
"91,10",32:00
"87,00",32:01
"87,70",32:02
"88,00",32:03
"87,30",32:04
"86,00",32:05
"86,90",32:06
"83,90",32:07
"89,90",32:08
"87,10",32:09
"87,30",32:10
"88,20",32:11
"86,40",32:12
"84,90",32:13
"87,30",32:14
"87,50",32:15
"85,90",32:16
"88,10",32:17
"84,10",32:18
"88,30",32:19
"85,60",32:20
"85,80",32:21
"86,10",32:22
"84,40",32:23
"87,00",32:24
"85,70",32:25
"87,30",32:26
"86,50",32:27
"87,20",32:28
"82,60",32:29
"86,80",32:30
"86,30",32:31
"86,30",32:32
"89,00",32:33
"87,50",32:34
"86,60",32:35
"83,50",32:36
"86,20",32:37
"79,90",32:38
"83,80",32:39
"80,70",32:40
"85,50",32:41
"83,20",32:42
"84,10",32:43
"83,40",32:44
"85,00",32:45
"83,40",32:46
"84,80",32:47
"85,70",32:48
"87,30",32:49
"83,00",32:51
"86,20",32:51
"86,40",32:52
"85,20",32:53
"85,40",32:54
"84,40",32:55
"77,40",32:56
"83,30",32:57
"83,00",32:58
"83,80",32:59
"85,90",33:00
"80,70",33:01
"82,60",33:02
"84,20",33:03
"87,10",33:04
"88,90",33:05
"86,20",33:06
"85,20",33:07
"85,10",33:08
"86,70",33:09
"83,10",33:10
"85,60",33:11
"83,40",33:12
"83,40",33:13
"82,60",33:14
"85,00",33:15
"85,10",33:16
"84,30",33:17
"84,10",33:18
"85,90",33:19
"84,90",33:20
"82,00",33:21
"85,30",33:22
"84,40",33:23
"83,70",33:24
"86,90",33:25
"85,70",33:26
"79,20",33:27
"86,10",33:28
"85,20",33:29
"83,30",33:30
"85,80",33:31
"83,30",33:32
"84,70",33:33
"84,60",33:34
"82,90",33:35
"85,50",33:36
"85,70",33:37
"83,40",33:38
"83,80",33:39
"86,60",33:40
"84,50",33:41
"86,30",33:42
"85,20",33:43
"85,80",33:45
"82,60",33:45
"84,80",33:46
"83,50",33:47
"85,00",33:48
"86,10",33:49
"88,10",33:50
"86,30",33:51
"87,00",33:52
"83,20",33:53
"82,40",33:54
"86,10",33:55
"84,10",33:56
"86,90",33:57
"84,80",33:58
"84,90",33:59
"83,50",34:00
"84,60",34:01
"84,20",34:02
"84,90",34:03
"84,80",34:04
"83,80",34:05
"81,10",34:06
"83,80",34:07
"85,40",34:08
"82,90",34:09
"84,30",34:10
"83,70",34:12
"84,60",34:12
"84,60",34:13
"84,20",34:14
"81,70",34:15
"84,00",34:16
"83,20",34:17
"79,70",34:18
"83,80",34:19
"78,50",34:20
"86,50",34:21
"79,90",34:22
"85,50",34:23
"85,30",34:24
"82,40",34:25
"82,10",34:26
"85,20",34:27
"84,20",34:28
"83,00",34:29
"84,40",34:30
"82,30",34:31
"83,20",34:32
"86,40",34:33
"81,10",34:34
"85,60",34:35
"85,10",34:36
"83,30",34:37
"86,80",34:38
"83,90",34:39
"86,30",34:40
"78,20",34:41
"80,90",34:43
"86,00",34:43
"82,20",34:44
"79,20",34:45
"83,80",34:46
"84,90",34:47
"81,70",34:48
"84,70",34:49
"85,20",34:50
"79,80",34:51
"84,80",34:52
"82,20",34:53
"80,10",34:54
"86,70",34:55
"85,40",34:56
"87,10",34:57
"89,50",34:58
"93,50",34:59
"94,80",35:00
"87,00",35:01
"83,90",35:02
"86,00",35:03
"87,20",35:04
"85,60",35:05
"86,00",35:06
"84,80",35:07
"84,90",35:08
"85,40",35:09
"81,40",35:10
"84,90",35:11
"86,70",35:12
"78,50",35:13
"83,40",35:14
"86,20",35:15
"86,00",35:16
"87,00",35:17
"84,30",35:18
"89,70",35:19
"90,40",35:20
"81,60",35:21
"86,70",35:22
"82,70",35:23
"85,40",35:24
"80,00",35:25
"88,20",35:26
"85,00",35:27
"85,50",35:28
"85,20",35:29
"88,10",35:30
"87,70",35:31
"86,40",35:32
"85,70",35:33
"79,70",35:34
"89,10",35:35
"93,30",35:36
"98,90",35:37
"101,00",35:38
"94,30",35:39
"95,80",35:40
"96,80",35:41
"94,70",35:42
"90,50",35:43
"89,40",35:44
"87,70",35:45
"86,30",35:46
"82,30",35:47
"81,30",35:48
"84,50",35:49
"80,00",35:50
"79,00",35:51
"86,60",35:52
"85,70",35:53
"76,90",35:54
"79,60",35:55
"80,70",35:56
"80,80",35:57
"80,10",35:58
"82,90",35:59
"87,10",36:00
"86,50",36:01
"83,70",36:02
"83,40",36:04
"81,20",36:04
"84,00",36:05
"86,20",36:06
"85,50",36:07
"84,20",36:08
"83,20",36:09
"85,30",36:10
"80,80",36:11
"87,30",36:12
"83,60",36:13
"86,50",36:14
"83,80",36:15
"80,80",36:16
"86,20",36:17
"83,20",36:18
"81,20",36:19
"87,90",36:20
"80,40",36:21
"83,50",36:22
"85,60",36:23
"84,30",36:24
"73,00",36:25
"82,80",36:27
"84,50",36:27
"82,60",36:28
"85,70",36:29
"81,50",36:30
"83,90",36:31
"83,50",36:32
"84,40",36:33
"75,00",36:34
"84,30",36:35
"83,60",36:36
"83,60",36:37
"82,60",36:38
"82,40",36:39
"82,90",36:40
"78,70",36:41
"84,10",36:42
"83,30",36:43
"82,10",36:44
"83,80",36:45
"86,10",36:46
"85,50",36:47
"84,90",36:48
"85,90",36:49
"83,10",36:50
"80,40",36:51
"83,00",36:52
"84,70",36:53
"82,40",36:54
"80,50",36:55
"82,30",36:56
"82,50",36:58
"84,10",36:58
"80,50",36:59
"83,60",37:00
"81,80",37:01
"86,00",37:02
"82,90",37:03
"84,60",37:04
"82,60",37:05
"82,50",37:06
"80,20",37:07
"82,90",37:08
"81,00",37:09
"83,10",37:10
"86,70",37:11
"84,40",37:12
"86,00",37:13
"84,50",37:14
"79,80",37:15
"81,40",37:16
"85,00",37:17
"78,20",37:18
"84,60",37:19
"75,50",37:20
"80,50",37:21
"83,70",37:22
"79,30",37:23
"84,30",37:24
"80,90",37:25
"81,60",37:26
"83,00",37:27
"77,60",37:28
"85,70",37:29
"84,00",37:30
"85,70",37:31
"83,30",37:32
"83,30",37:33
"79,50",37:34
"83,90",37:35
"81,50",37:36
"83,20",37:37
"82,50",37:38
"79,80",37:39
"74,90",37:40
"84,20",37:41
"83,60",37:42
"76,70",37:43
"85,50",37:44
"83,80",37:45
"82,80",37:46
"83,40",37:47
"76,20",37:48
"85,30",37:49
"76,70",37:50
"83,50",37:51
"81,80",37:52
"82,80",37:53
"83,70",37:54
"82,80",37:55
"84,50",37:56
"85,60",37:57
"86,10",37:58
"84,90",37:59
"83,00",38:00
"81,00",38:01
"84,40",38:02
"83,30",38:03
"80,60",38:04
"83,60",38:05
"81,90",38:06
"83,60",38:07
"83,30",38:08
"85,30",38:09
"81,60",38:10
"88,80",38:11
"90,10",38:12
"86,70",38:13
"89,80",38:15
"89,40",38:15
"84,60",38:16
"84,80",38:17
"85,20",38:18
"83,80",38:19
"85,20",38:20
"85,40",38:21
"86,60",38:22
"87,00",38:23
"93,60",38:24
"99,60",38:25
"95,60",38:26
"95,50",38:27
"96,40",38:28
"90,20",38:29
"88,90",38:30
"88,70",38:31
"86,30",38:32
"85,30",38:33
"85,90",38:34
"85,50",38:35
"85,60",38:36
"85,90",38:37
"84,80",38:38
"83,90",38:39
"85,20",38:40
"84,60",38:42
"80,40",38:42
"84,30",38:43
"86,40",38:44
"82,10",38:45
"85,00",38:46
"85,50",38:47
"82,70",38:48
"85,40",38:49
"84,60",38:50
"80,40",38:51
"82,10",38:52
"84,50",38:53
"83,40",38:54
"82,60",38:55
"83,80",38:56
"82,10",38:57
"82,10",38:58
"83,60",38:59
"84,00",39:00
"83,40",39:01
"85,70",39:02
"85,70",39:03
"85,20",39:04
"84,50",39:05
"83,10",39:06
"86,80",39:07
"86,40",39:08
"86,20",39:09
"86,60",39:10
"85,30",39:11
"89,60",39:12
"88,90",39:13
"89,00",39:14
"87,30",39:15
"84,30",39:16
"86,10",39:17
"84,30",39:18
"84,70",39:19
"84,40",39:20
"85,40",39:21
"84,00",39:22
"86,40",39:23
"85,60",39:24
"85,10",39:25
"84,00",39:26
"84,60",39:27
"79,90",39:28
"84,80",39:29
"83,70",39:30
"83,90",39:31
"84,70",39:32
"80,50",39:33
"83,20",39:34
"84,40",39:36
"81,80",39:36
"84,60",39:37
"81,50",39:38
"81,30",39:39
"84,50",39:40
"83,70",39:41
"82,80",39:42
"84,40",39:43
"82,90",39:44
"81,40",39:45
"85,00",39:46
"80,60",39:47
"87,80",39:48
"86,40",39:49
"85,90",39:50
"84,10",39:51
"84,20",39:52
"84,80",39:53
"87,00",39:54
"85,90",39:55
"83,70",39:56
"84,60",39:57
"84,80",39:58
"85,40",39:59
"86,20",40:00
"85,10",40:01
"85,10",40:02
"82,00",40:03
"82,10",40:04
"82,50",40:05
"81,70",40:06
"85,20",40:07
"84,10",40:08
"84,60",40:09
"80,90",40:10
"85,70",40:11
"79,70",40:12
"86,00",40:13
"85,30",40:14
"80,90",40:15
"85,70",40:16
"85,40",40:17
"84,30",40:18
"84,40",40:19
"82,50",40:20
"82,90",40:21
"87,00",40:22
"83,20",40:23
"84,90",40:24
"85,30",40:25
"83,60",40:26
"84,70",40:27
"86,20",40:28
"85,20",40:30
"84,40",40:30
"85,20",40:31
"83,20",40:32
"80,00",40:33
"86,00",40:34
"85,20",40:35
"82,60",40:36
"83,70",40:37
"85,40",40:38
"86,30",40:39
"92,10",40:40
"92,80",40:41
"90,80",40:42
"92,80",40:43
"99,30",40:44
"98,80",40:45
"88,40",40:46
"89,10",40:47
"88,10",40:48
"89,90",40:49
"89,40",40:50
"88,30",40:51
"88,90",40:52
"79,40",40:53
"82,60",40:54
"81,80",40:55
"87,00",40:57
"84,20",40:57
"79,40",40:58
"85,20",40:59
"84,80",41:00
"79,10",41:01
"85,40",41:02
"86,00",41:03
"80,40",41:04
"85,20",41:05
"84,50",41:06
"84,10",41:07
"83,20",41:08
"83,80",41:09
"82,20",41:10
"84,60",41:11
"85,10",41:12
"84,80",41:13
"84,80",41:14
"82,30",41:15
"83,40",41:16
"82,00",41:17
"84,00",41:18
"81,10",41:19
"82,10",41:20
"83,20",41:21
"87,20",41:22
"85,70",41:23
"85,10",41:24
"80,30",41:25
"86,80",41:26
"86,40",41:27
"80,00",41:28
"83,00",41:29
"83,20",41:30
"81,40",41:31
"84,30",41:32
"83,10",41:33
"83,60",41:34
"84,10",41:35
"84,10",41:36
"82,40",41:37
"84,50",41:38
"85,80",41:39
"82,70",41:40
"85,30",41:41
"89,50",41:42
"85,30",41:43
"85,00",41:44
"83,70",41:45
"90,60",41:46
"83,80",41:47
"85,90",41:48
"84,30",41:49
"84,10",41:51
"84,40",41:51
"84,70",41:52
"80,40",41:53
"83,50",41:54
"84,40",41:55
"83,30",41:56
"84,50",41:57
"84,80",41:58
"82,50",41:59
"85,40",42:00
"81,70",42:01
"84,40",42:02
"82,30",42:03
"82,30",42:04
"83,30",42:05
"85,70",42:06
"86,10",42:07
"85,00",42:08
"83,10",42:09
"85,20",42:10
"86,40",42:11
"86,30",42:12
"84,80",42:13
"84,00",42:14
"84,80",42:15
"84,90",42:16
"83,60",42:17
"83,60",42:18
"83,10",42:19
"84,10",42:20
"84,00",42:21
"83,60",42:22
"82,40",42:23
"83,20",42:24
"86,20",42:25
"83,50",42:26
"85,20",42:27
"84,70",42:28
"85,40",42:29
"84,60",42:30
"83,20",42:31
"85,00",42:32
"84,80",42:33
"85,00",42:34
"84,40",42:35
"84,30",42:36
"84,60",42:37
"84,20",42:38
"84,40",42:39
"81,90",42:40
"84,20",42:41
"87,10",42:42
"84,90",42:43
"84,70",42:44
"84,60",42:45
"84,10",42:46
"85,70",42:47
"84,30",42:49
"85,60",42:49
"80,00",42:50
"85,10",42:51
"85,70",42:52
"85,90",42:53
"83,00",42:54
"85,60",42:55
"85,70",42:56
"84,80",42:57
"85,60",42:58
"87,40",42:59
"84,30",43:00
"85,80",43:01
"84,70",43:02
"84,90",43:03
"81,70",43:04
"85,70",43:05
"78,30",43:06
"84,30",43:07
"79,10",43:08
"85,50",43:09
"82,10",43:10
"86,40",43:11
"84,00",43:12
"84,60",43:13
"87,00",43:14
"83,10",43:15
"81,90",43:16
"86,30",43:17
"83,30",43:18
"83,80",43:19
"83,00",43:20
"85,10",43:21
"85,90",43:22
"86,90",43:23
"79,20",43:24
"86,40",43:25
"87,20",43:26
"85,50",43:27
"86,40",43:28
"87,50",43:29
"87,50",43:30
"89,00",43:31
"88,00",43:32
"88,50",43:33
"90,50",43:34
"88,70",43:35
"93,00",43:36
"91,30",43:37
"86,70",43:38
"85,40",43:39
"83,30",43:40
"84,70",43:41
"86,80",43:42
"87,40",43:43
"84,70",43:44
"86,30",43:45
"86,40",43:46
"86,90",43:47
"90,70",43:48
"93,60",43:49
"88,60",43:50
"87,60",43:51
"88,50",43:52
"84,10",43:53
"87,30",43:54
"85,10",43:55
"83,60",43:56
"83,40",43:57
"80,30",43:58
"78,90",43:59
"84,90",44:00
"87,80",44:01
"83,10",44:02
"87,00",44:03
"87,30",44:04
"84,40",44:06
"79,50",44:06
"85,80",44:07
"84,30",44:08
"84,00",44:09
"87,20",44:10
"81,80",44:11
"86,50",44:12
"85,40",44:13
"86,40",44:14
"83,30",44:15
"87,00",44:16
"85,70",44:17
"85,00",44:18
"86,00",44:19
"84,60",44:20
"88,20",44:21
"87,30",44:22
"86,90",44:23
"86,80",44:24
"87,30",44:25
"84,60",44:26
"86,40",44:27
"87,70",44:28
"86,30",44:29
"85,60",44:30
"86,50",44:31
"84,90",44:32
"82,90",44:33
"81,90",44:34
"82,30",44:35
"82,10",44:36
"84,00",44:37
"86,50",44:38
"83,50",44:39
"82,50",44:40
"89,60",44:41
"80,40",44:42
"88,00",44:43
"87,20",44:44
"83,70",44:45
"77,20",44:46
"84,70",44:47
"85,20",44:48
"85,70",44:49
"76,40",44:50
"82,70",44:51
"83,90",44:52
"85,60",44:53
"82,80",44:54
"85,60",44:55
"86,10",44:56
"76,90",44:57
"85,60",44:58
"86,00",45:00
"83,20",45:00
"85,20",45:01
"83,50",45:02
"84,80",45:04
"82,90",45:04
"77,00",45:05
"79,10",45:06
"88,40",45:07
"85,40",45:08
