{
  "segments": [
    {
      "from": "Plaza de Mayo",
      "from_id": 64,
      "line": "A",
      "to": "Plaza Miserere",
      "to_id": 66,
      "year": 1913,
      "month": 12,
      "day": 1,
      "stationIds": [
        64,
        60,
        62,
        45,
        73,
        19,
        58,
        3,
        66
      ],
      "totalMonths": 22968,
      "distance": 3347.085002723819,
      "totalStationsSoFar": [
        64,
        60,
        62,
        45,
        73,
        19,
        58,
        3,
        66
      ],
      "prettyDate": "Diciembre, 1, 1913"
    },
    {
      "from": "Plaza Miserere",
      "from_id": 66,
      "line": "A",
      "to": "Río de Janeiro",
      "to_id": 72,
      "year": 1914,
      "month": 4,
      "day": 1,
      "stationIds": [
        66,
        46,
        17,
        72
      ],
      "totalMonths": 22972,
      "distance": 2143.8214215358475,
      "totalStationsSoFar": [
        64,
        60,
        62,
        45,
        73,
        19,
        58,
        3,
        66,
        46,
        17,
        72
      ],
      "prettyDate": "Abril, 1, 1914"
    },
    {
      "from": "Río de Janeiro",
      "from_id": 72,
      "line": "A",
      "to": "Primera Junta",
      "to_id": 67,
      "year": 1914,
      "month": 7,
      "day": 1,
      "stationIds": [
        72,
        1,
        67
      ],
      "totalMonths": 22975,
      "distance": 1258.541147269862,
      "totalStationsSoFar": [
        64,
        60,
        62,
        45,
        73,
        19,
        58,
        3,
        66,
        46,
        17,
        72,
        1,
        67
      ],
      "prettyDate": "Julio, 1, 1914"
    },
    {
      "from": "Federico Lacroze",
      "from_id": 29,
      "line": "B",
      "to": "Callao",
      "to_id": 11,
      "year": 1930,
      "month": 10,
      "day": 17,
      "stationIds": [
        11,
        59,
        69,
        14,
        50,
        4,
        48,
        24,
        29
      ],
      "totalMonths": 23170,
      "distance": 6414.274946753377,
      "totalStationsSoFar": [
        11,
        59,
        69,
        14,
        50,
        4,
        48,
        24,
        29
      ],
      "prettyDate": "Octubre, 17, 1930"
    },
    {
      "from": "Callao",
      "from_id": 11,
      "line": "B",
      "to": "Carlos Pellegrini",
      "to_id": 15,
      "year": 1931,
      "month": 7,
      "day": 22,
      "stationIds": [
        15,
        79,
        11
      ],
      "totalMonths": 23179,
      "distance": 1060.0886473026599,
      "totalStationsSoFar": [
        15,
        79,
        11,
        59,
        69,
        14,
        50,
        4,
        48,
        24,
        29
      ],
      "prettyDate": "Julio, 22, 1931"
    },
    {
      "from": "Carlos Pellegrini",
      "from_id": 15,
      "line": "B",
      "to": "Leandro N. Alem",
      "to_id": 44,
      "year": 1931,
      "month": 12,
      "day": 1,
      "stationIds": [
        44,
        30,
        15
      ],
      "totalMonths": 23184,
      "distance": 987.6401585204865,
      "totalStationsSoFar": [
        44,
        30,
        15,
        79,
        11,
        59,
        69,
        14,
        50,
        4,
        48,
        24,
        29
      ],
      "prettyDate": "Diciembre, 1, 1931"
    },
    {
      "from": "Constitución",
      "from_id": 22,
      "line": "C",
      "to": "Diagonal Norte",
      "to_id": 23,
      "year": 1934,
      "month": 11,
      "day": 9,
      "stationIds": [
        23,
        5,
        52,
        36,
        75,
        22
      ],
      "totalMonths": 23219,
      "distance": 2546.876808967227,
      "totalStationsSoFar": [
        23,
        5,
        52,
        36,
        75,
        22
      ],
      "prettyDate": "Noviembre, 9, 1934"
    },
    {
      "from": "Diagonal Norte",
      "from_id": 23,
      "line": "C",
      "to": "Retiro",
      "to_id": 71,
      "year": 1936,
      "month": 2,
      "day": 6,
      "stationIds": [
        71,
        31,
        43,
        23
      ],
      "totalMonths": 23234,
      "distance": 1656.5740847821173,
      "totalStationsSoFar": [
        71,
        31,
        43,
        23,
        5,
        52,
        36,
        75,
        22
      ],
      "prettyDate": "Febrero, 6, 1936"
    },
    {
      "from": "Catedral",
      "from_id": 18,
      "line": "D",
      "to": "Tribunales",
      "to_id": 77,
      "year": 1937,
      "month": 6,
      "day": 3,
      "stationIds": [
        18,
        53,
        77
      ],
      "totalMonths": 23250,
      "distance": 1119.7336249149912,
      "totalStationsSoFar": [
        18,
        53,
        77
      ],
      "prettyDate": "Junio, 3, 1937"
    },
    {
      "from": "Tribunales",
      "from_id": 77,
      "line": "D",
      "to": "Palermo",
      "to_id": 56,
      "year": 1940,
      "month": 2,
      "day": 23,
      "stationIds": [
        77,
        12,
        28,
        70,
        2,
        10,
        76,
        65,
        56
      ],
      "totalMonths": 23282,
      "distance": 4802.869745494771,
      "totalStationsSoFar": [
        18,
        53,
        77,
        12,
        28,
        70,
        2,
        10,
        76,
        65,
        56
      ],
      "prettyDate": "Febrero, 23, 1940"
    },
    {
      "from": "San José",
      "from_id": 74,
      "line": "E",
      "to": "General Urquiza",
      "to_id": 32,
      "year": 1944,
      "month": 6,
      "day": 20,
      "stationIds": [
        74,
        27,
        61,
        41,
        32
      ],
      "totalMonths": 23334,
      "distance": 2242.9664759072953,
      "totalStationsSoFar": [
        74,
        27,
        61,
        41,
        32
      ],
      "prettyDate": "June, 20, 1944"
    },
    {
      "from": "General Urquiza",
      "from_id": 32,
      "line": "E",
      "to": "Boedo",
      "to_id": 8,
      "year": 1944,
      "month": 12,
      "day": 16,
      "stationIds": [
        32,
        8
      ],
      "totalMonths": 23340,
      "distance": 554.6088872485005,
      "totalStationsSoFar": [
        74,
        27,
        61,
        41,
        32,
        8
      ],
      "prettyDate": "Diciembre, 16, 1944"
    },
    {
      "from": "Boedo",
      "from_id": 8,
      "line": "E",
      "to": "Av. La Plata",
      "to_id": 6,
      "year": 1966,
      "month": 4,
      "day": 24,
      "stationIds": [
        8,
        6
      ],
      "totalMonths": 23596,
      "distance": 1021.5042522459286,
      "totalStationsSoFar": [
        74,
        27,
        61,
        41,
        32,
        8,
        6
      ],
      "prettyDate": "Abril, 24, 1966"
    },
    {
      "from": "San José",
      "from_id": 74,
      "line": "E",
      "to": "Bolívar",
      "to_id": 9,
      "year": 1966,
      "month": 4,
      "day": 24,
      "stationIds": [
        9,
        7,
        37,
        74
      ],
      "totalMonths": 23596,
      "distance": 1815.430566861321,
      "totalStationsSoFar": [
        9,
        7,
        37,
        74,
        27,
        61,
        41,
        32,
        8,
        6
      ],
      "prettyDate": "Abril, 24, 1966"
    },
    {
      "from": "Av. La Plata",
      "from_id": 6,
      "line": "E",
      "to": "José María Moreno",
      "to_id": 39,
      "year": 1973,
      "month": 6,
      "day": 23,
      "stationIds": [
        6,
        39
      ],
      "totalMonths": 23682,
      "distance": 683.9213158887516,
      "totalStationsSoFar": [
        9,
        7,
        37,
        74,
        27,
        61,
        41,
        32,
        8,
        6,
        39
      ],
      "prettyDate": "Junio, 23, 1973"
    },
    {
      "from": "José María Moreno",
      "from_id": 39,
      "line": "E",
      "to": "Emilio Mitre",
      "to_id": 26,
      "year": 1985,
      "month": 10,
      "day": 7,
      "stationIds": [
        39,
        26
      ],
      "totalMonths": 23830,
      "distance": 835.5109986404975,
      "totalStationsSoFar": [
        9,
        7,
        37,
        74,
        27,
        61,
        41,
        32,
        8,
        6,
        39,
        26
      ],
      "prettyDate": "Octubre, 7, 1985"
    },
    {
      "from": "Emilio Mitre",
      "from_id": 26,
      "line": "E",
      "to": "Medalla Milagrosa",
      "to_id": 49,
      "year": 1985,
      "month": 10,
      "day": 31,
      "stationIds": [
        26,
        49
      ],
      "totalMonths": 23830,
      "distance": 951.2616025087083,
      "totalStationsSoFar": [
        9,
        7,
        37,
        74,
        27,
        61,
        41,
        32,
        8,
        6,
        39,
        26,
        49
      ],
      "prettyDate": "Octubre, 31, 1985"
    },
    {
      "from": "Medalla Milagrosa",
      "from_id": 49,
      "line": "E",
      "to": "Varela",
      "to_id": 80,
      "year": 1985,
      "month": 11,
      "day": 27,
      "stationIds": [
        49,
        80
      ],
      "totalMonths": 23831,
      "distance": 819.0865248607977,
      "totalStationsSoFar": [
        9,
        7,
        37,
        74,
        27,
        61,
        41,
        32,
        8,
        6,
        39,
        26,
        49,
        80
      ],
      "prettyDate": "Noviembre, 27, 1985"
    },
    {
      "from": "Varela",
      "from_id": 80,
      "line": "E",
      "to": "Plaza de los Virreyes",
      "to_id": 63,
      "year": 1986,
      "month": 5,
      "day": 8,
      "stationIds": [
        80,
        63
      ],
      "totalMonths": 23837,
      "distance": 470.43139570594417,
      "totalStationsSoFar": [
        9,
        7,
        37,
        74,
        27,
        61,
        41,
        32,
        8,
        6,
        39,
        26,
        49,
        80,
        63
      ],
      "prettyDate": "Mayo, 8, 1986"
    },
    {
      "from": "Palermo",
      "from_id": 56,
      "line": "D",
      "to": "Ministro Carranza",
      "to_id": 51,
      "year": 1987,
      "month": 12,
      "day": 29,
      "stationIds": [
        56,
        51
      ],
      "totalMonths": 23856,
      "distance": 913.4746484662323,
      "totalStationsSoFar": [
        18,
        53,
        77,
        12,
        28,
        70,
        2,
        10,
        76,
        65,
        56,
        51
      ],
      "prettyDate": "Diciembre, 29, 1987"
    },
    {
      "from": "Ministro Carranza",
      "from_id": 51,
      "line": "D",
      "to": "José Hernández",
      "to_id": 38,
      "year": 1997,
      "month": 5,
      "day": 31,
      "stationIds": [
        51,
        54,
        38
      ],
      "totalMonths": 23969,
      "distance": 1884.1805019103635,
      "totalStationsSoFar": [
        18,
        53,
        77,
        12,
        28,
        70,
        2,
        10,
        76,
        65,
        56,
        51,
        54,
        38
      ],
      "prettyDate": "Mayo, 31, 1997"
    },
    {
      "from": "José Hernández",
      "from_id": 38,
      "line": "D",
      "to": "Juramento",
      "to_id": 42,
      "year": 1999,
      "month": 6,
      "day": 21,
      "stationIds": [
        38,
        42
      ],
      "totalMonths": 23994,
      "distance": 598.4153768263254,
      "totalStationsSoFar": [
        18,
        53,
        77,
        12,
        28,
        70,
        2,
        10,
        76,
        65,
        56,
        51,
        54,
        38,
        42
      ],
      "prettyDate": "June, 21, 1999"
    },
    {
      "from": "Juramento",
      "from_id": 42,
      "line": "D",
      "to": "Congreso de Tucumán",
      "to_id": 20,
      "year": 2000,
      "month": 4,
      "day": 27,
      "stationIds": [
        42,
        20
      ],
      "totalMonths": 24004,
      "distance": 912.7310010355798,
      "totalStationsSoFar": [
        18,
        53,
        77,
        12,
        28,
        70,
        2,
        10,
        76,
        65,
        56,
        51,
        54,
        38,
        42,
        20
      ],
      "prettyDate": "Abril, 27, 2000"
    },
    {
      "from": "Federico Lacroze",
      "from_id": 29,
      "line": "B",
      "to": "Los Incas/Parque Chas",
      "to_id": 47,
      "year": 2003,
      "month": 8,
      "day": 9,
      "stationIds": [
        29,
        78,
        47
      ],
      "totalMonths": 24044,
      "distance": 1856.6466414034267,
      "totalStationsSoFar": [
        44,
        30,
        15,
        79,
        11,
        59,
        69,
        14,
        50,
        4,
        48,
        24,
        29,
        78,
        47
      ],
      "prettyDate": "Agosto, 9, 2003"
    },
    {
      "from": "Once",
      "from_id": 55,
      "line": "H",
      "to": "Caseros",
      "to_id": 16,
      "year": 2007,
      "month": 10,
      "day": 18,
      "stationIds": [
        55,
        81,
        34,
        35,
        16
      ],
      "totalMonths": 24094,
      "distance": 3042.68870126706,
      "totalStationsSoFar": [
        55,
        81,
        34,
        35,
        16
      ],
      "prettyDate": "Octubre, 18, 2007"
    },
    {
      "from": "Primera Junta",
      "from_id": 67,
      "line": "A",
      "to": "Carabobo",
      "to_id": 13,
      "year": 2008,
      "month": 12,
      "day": 23,
      "stationIds": [
        67,
        68,
        13
      ],
      "totalMonths": 24108,
      "distance": 1483.303240957575,
      "totalStationsSoFar": [
        64,
        60,
        62,
        45,
        73,
        19,
        58,
        3,
        66,
        46,
        17,
        72,
        1,
        67,
        68,
        13
      ],
      "prettyDate": "Diciembre, 23, 2008"
    },
    {
      "from": "Once",
      "from_id": 55,
      "line": "H",
      "to": "Corrientes",
      "to_id": 21,
      "year": 2010,
      "month": 12,
      "day": 6,
      "stationIds": [
        21,
        55
      ],
      "totalMonths": 24132,
      "distance": 592.4601462495115,
      "totalStationsSoFar": [
        21,
        55,
        81,
        34,
        35,
        16
      ],
      "prettyDate": "Diciembre, 6, 2010"
    },
    {
      "from": "Caseros",
      "from_id": 16,
      "line": "H",
      "to": "Parque Patricios",
      "to_id": 57,
      "year": 2011,
      "month": 10,
      "day": 4,
      "stationIds": [
        16,
        57
      ],
      "totalMonths": 24142,
      "distance": 704.9375209083682,
      "totalStationsSoFar": [
        21,
        55,
        81,
        34,
        35,
        16,
        57
      ],
      "prettyDate": "Octubre, 4, 2011"
    },
    {
      "from": "Parque Patricios",
      "from_id": 57,
      "line": "H",
      "to": "Hospitales",
      "to_id": 33,
      "year": 2013,
      "month": 5,
      "day": 27,
      "stationIds": [
        57,
        33
      ],
      "totalMonths": 24161,
      "distance": 684.415947628022,
      "totalStationsSoFar": [
        21,
        55,
        81,
        34,
        35,
        16,
        57,
        33
      ],
      "prettyDate": "Mayo, 27, 2013"
    },
    {
      "from": "Los Incas/Parque Chas",
      "from_id": 47,
      "line": "B",
      "to": "Juan Manuel de Rosas",
      "to_id": 40,
      "year": 2013,
      "month": 7,
      "day": 26,
      "stationIds": [
        47,
        25,
        40
      ],
      "totalMonths": 24163,
      "distance": 1349.0200197755908,
      "totalStationsSoFar": [
        44,
        30,
        15,
        79,
        11,
        59,
        69,
        14,
        50,
        4,
        48,
        24,
        29,
        78,
        47,
        25,
        40
      ],
      "prettyDate": "Julio, 26, 2013"
    }
  ],
  "stations": {
    "1": {
      "name": "Acoyte",
      "firstAppearance": 22975,
      "lnglat": [
        -58.43630555555555,
        -34.61825
      ],
      "id": 1
    },
    "2": {
      "name": "Agüero",
      "firstAppearance": 23282,
      "lnglat": [
        -58.40713888888889,
        -34.59166666666667
      ],
      "id": 2
    },
    "3": {
      "name": "Alberti",
      "firstAppearance": 22968,
      "lnglat": [
        -58.40136111111111,
        -34.609861111111115
      ],
      "id": 3
    },
    "4": {
      "name": "Ángel Gallardo",
      "firstAppearance": 23170,
      "lnglat": [
        -58.43125,
        -34.60216666666667
      ],
      "id": 4
    },
    "5": {
      "name": "Avenida de Mayo",
      "firstAppearance": 23219,
      "lnglat": [
        -58.380611111111115,
        -34.609
      ],
      "id": 5
    },
    "6": {
      "name": "Avenida La Plata",
      "firstAppearance": 23596,
      "lnglat": [
        -58.42641666666666,
        -34.62697222222222
      ],
      "id": 6
    },
    "7": {
      "name": "Belgrano",
      "firstAppearance": 23596,
      "lnglat": [
        -58.37752777777778,
        -34.612861111111116
      ],
      "id": 7
    },
    "8": {
      "name": "Boedo",
      "firstAppearance": 23340,
      "lnglat": [
        -58.41544444444445,
        -34.62533333333334
      ],
      "id": 8
    },
    "9": {
      "name": "Bolívar",
      "firstAppearance": 23596,
      "lnglat": [
        -58.37363888888889,
        -34.60908333333334
      ],
      "id": 9
    },
    "10": {
      "name": "Bulnes",
      "firstAppearance": 23282,
      "lnglat": [
        -58.411249999999995,
        -34.58827777777778
      ],
      "id": 10
    },
    "11": {
      "name": "Callao",
      "firstAppearance": 23170,
      "lnglat": [
        -58.39225,
        -34.60444444444445
      ],
      "id": 11
    },
    "12": {
      "name": "Callao",
      "firstAppearance": 23282,
      "lnglat": [
        -58.39311111111111,
        -34.59963888888889
      ],
      "id": 12
    },
    "13": {
      "name": "Carabobo",
      "firstAppearance": 24108,
      "lnglat": [
        -58.45608333333334,
        -34.626416666666664
      ],
      "id": 13
    },
    "14": {
      "name": "Carlos Gardel",
      "firstAppearance": 23170,
      "lnglat": [
        -58.41169444444444,
        -34.604083333333335
      ],
      "id": 14
    },
    "15": {
      "name": "Carlos Pellegrini",
      "firstAppearance": 23179,
      "lnglat": [
        -58.380722222222225,
        -34.60363888888889
      ],
      "id": 15
    },
    "16": {
      "name": "Caseros",
      "firstAppearance": 24094,
      "lnglat": [
        -58.398916666666665,
        -34.63583333333333
      ],
      "id": 16
    },
    "17": {
      "name": "Castro Barros",
      "firstAppearance": 22972,
      "lnglat": [
        -58.421749999999996,
        -34.611805555555556
      ],
      "id": 17
    },
    "18": {
      "name": "Catedral",
      "firstAppearance": 23250,
      "lnglat": [
        -58.37397222222222,
        -34.60775
      ],
      "id": 18
    },
    "19": {
      "name": "Congreso",
      "firstAppearance": 22968,
      "lnglat": [
        -58.392805555555555,
        -34.60927777777778
      ],
      "id": 19
    },
    "20": {
      "name": "Congreso de Tucumán",
      "firstAppearance": 24004,
      "lnglat": [
        -58.46241666666667,
        -34.555611111111105
      ],
      "id": 20
    },
    "21": {
      "name": "Corrientes",
      "firstAppearance": 24132,
      "lnglat": [
        -58.405277777777776,
        -34.60388888888889
      ],
      "id": 21
    },
    "22": {
      "name": "Constitución",
      "firstAppearance": 23219,
      "lnglat": [
        -58.38055555555555,
        -34.6275
      ],
      "id": 22
    },
    "23": {
      "name": "Diagonal Norte",
      "firstAppearance": 23219,
      "lnglat": [
        -58.379666666666665,
        -34.60472222222222
      ],
      "id": 23
    },
    "24": {
      "name": "Dorrego",
      "firstAppearance": 23170,
      "lnglat": [
        -58.44758333333333,
        -34.591722222222224
      ],
      "id": 24
    },
    "25": {
      "name": "Echeverría",
      "firstAppearance": 24163,
      "lnglat": [
        -58.480141,
        -34.578471
      ],
      "id": 25
    },
    "26": {
      "name": "Emilio Mitre",
      "firstAppearance": 23830,
      "lnglat": [
        -58.442138888888884,
        -34.631
      ],
      "id": 26
    },
    "27": {
      "name": "Entre Ríos/Rodolfo Walsh",
      "firstAppearance": 23334,
      "lnglat": [
        -58.39147222222222,
        -34.62272222222222
      ],
      "id": 27
    },
    "28": {
      "name": "Facultad de Medicina",
      "firstAppearance": 23282,
      "lnglat": [
        -58.397666666666666,
        -34.59977777777778
      ],
      "id": 28
    },
    "29": {
      "name": "Federico Lacroze",
      "firstAppearance": 23170,
      "lnglat": [
        -58.45536111111112,
        -34.58711111111111
      ],
      "id": 29
    },
    "30": {
      "name": "Florida",
      "firstAppearance": 23184,
      "lnglat": [
        -58.37511111111111,
        -34.60333333333333
      ],
      "id": 30
    },
    "31": {
      "name": "General San Martín",
      "firstAppearance": 23234,
      "lnglat": [
        -58.37788888888889,
        -34.595083333333335
      ],
      "id": 31
    },
    "32": {
      "name": "General Urquiza",
      "firstAppearance": 23334,
      "lnglat": [
        -58.409444444444446,
        -34.62466666666667
      ],
      "id": 32
    },
    "33": {
      "name": "Hospitales",
      "firstAppearance": 24161,
      "lnglat": [
        -58.4125,
        -34.64138888888889
      ],
      "id": 33
    },
    "34": {
      "name": "Humberto I",
      "firstAppearance": 24094,
      "lnglat": [
        -58.40233333333333,
        -34.62305555555555
      ],
      "id": 34
    },
    "35": {
      "name": "Inclán",
      "firstAppearance": 24094,
      "lnglat": [
        -58.40097222222222,
        -34.62936111111111
      ],
      "id": 35
    },
    "36": {
      "name": "Independencia",
      "firstAppearance": 23219,
      "lnglat": [
        -58.380250000000004,
        -34.61811111111111
      ],
      "id": 36
    },
    "37": {
      "name": "Independencia",
      "firstAppearance": 23596,
      "lnglat": [
        -58.3815,
        -34.61794444444445
      ],
      "id": 37
    },
    "38": {
      "name": "Jose Hernández",
      "firstAppearance": 23969,
      "lnglat": [
        -58.45216666666667,
        -34.56622222222222
      ],
      "id": 38
    },
    "39": {
      "name": "Jose María Moreno",
      "firstAppearance": 23682,
      "lnglat": [
        -58.43377777777778,
        -34.628
      ],
      "id": 39
    },
    "40": {
      "name": "Juan Manuel de Rosas",
      "firstAppearance": 24163,
      "lnglat": [
        -58.486327,
        -34.574324
      ],
      "id": 40
    },
    "41": {
      "name": "Jujuy",
      "firstAppearance": 23334,
      "lnglat": [
        -58.40288888888889,
        -34.62383333333334
      ],
      "id": 41
    },
    "42": {
      "name": "Juramento",
      "firstAppearance": 23994,
      "lnglat": [
        -58.45652777777778,
        -34.56222222222222
      ],
      "id": 42
    },
    "43": {
      "name": "Lavalle",
      "firstAppearance": 23234,
      "lnglat": [
        -58.37813888888889,
        -34.60180555555556
      ],
      "id": 43
    },
    "44": {
      "name": "Leandro N. Alem",
      "firstAppearance": 23184,
      "lnglat": [
        -58.37,
        -34.60277777777778
      ],
      "id": 44
    },
    "45": {
      "name": "Lima",
      "firstAppearance": 22968,
      "lnglat": [
        -58.382083333333334,
        -34.60911111111111
      ],
      "id": 45
    },
    "46": {
      "name": "Loria",
      "firstAppearance": 22972,
      "lnglat": [
        -58.41511111111111,
        -34.61080555555556
      ],
      "id": 46
    },
    "47": {
      "name": "Los Incas/Parque Chas",
      "firstAppearance": 24044,
      "lnglat": [
        -58.47430555555556,
        -34.581250000000004
      ],
      "id": 47
    },
    "48": {
      "name": "Malabia/Osvaldo Pugliese",
      "firstAppearance": 23170,
      "lnglat": [
        -58.43897222222222,
        -34.599694444444445
      ],
      "id": 48
    },
    "49": {
      "name": "Medalla Milagrosa",
      "firstAppearance": 23830,
      "lnglat": [
        -58.45033333333333,
        -34.63625
      ],
      "id": 49
    },
    "50": {
      "name": "Medrano",
      "firstAppearance": 23170,
      "lnglat": [
        -58.420944444444444,
        -34.60319444444445
      ],
      "id": 50
    },
    "51": {
      "name": "Ministro Carranza",
      "firstAppearance": 23856,
      "lnglat": [
        -58.434888888888885,
        -34.575388888888895
      ],
      "id": 51
    },
    "52": {
      "name": "Moreno",
      "firstAppearance": 23219,
      "lnglat": [
        -58.380583333333334,
        -34.612611111111114
      ],
      "id": 52
    },
    "53": {
      "name": "9 de Julio",
      "firstAppearance": 23250,
      "lnglat": [
        -58.3805,
        -34.60433333333334
      ],
      "id": 53
    },
    "54": {
      "name": "Olleros",
      "firstAppearance": 23969,
      "lnglat": [
        -58.44463888888889,
        -34.570083333333336
      ],
      "id": 54
    },
    "55": {
      "name": "Once",
      "firstAppearance": 24094,
      "lnglat": [
        -58.40611111111111,
        -34.60916666666667
      ],
      "id": 55
    },
    "56": {
      "name": "Palermo",
      "firstAppearance": 23282,
      "lnglat": [
        -58.425666666666665,
        -34.578500000000005
      ],
      "id": 56
    },
    "57": {
      "name": "Parque Patricios",
      "firstAppearance": 24142,
      "lnglat": [
        -58.405833333333334,
        -34.63861111111111
      ],
      "id": 57
    },
    "58": {
      "name": "Pasco",
      "firstAppearance": 22968,
      "lnglat": [
        -58.39844444444444,
        -34.60966666666667
      ],
      "id": 58
    },
    "59": {
      "name": "Pasteur",
      "firstAppearance": 23170,
      "lnglat": [
        -58.39947222222222,
        -34.60463888888889
      ],
      "id": 59
    },
    "60": {
      "name": "Perú",
      "firstAppearance": 22968,
      "lnglat": [
        -58.374833333333335,
        -34.60861111111111
      ],
      "id": 60
    },
    "61": {
      "name": "Pichincha",
      "firstAppearance": 23334,
      "lnglat": [
        -58.39713888888889,
        -34.62313888888889
      ],
      "id": 61
    },
    "62": {
      "name": "Piedras",
      "firstAppearance": 22968,
      "lnglat": [
        -58.379083333333334,
        -34.60888888888889
      ],
      "id": 62
    },
    "63": {
      "name": "Plaza de los Virreyes",
      "firstAppearance": 23837,
      "lnglat": [
        -58.46161111111111,
        -34.643027777777775
      ],
      "id": 63
    },
    "64": {
      "name": "Plaza de Mayo",
      "firstAppearance": 22968,
      "lnglat": [
        -58.37083333333334,
        -34.60886111111111
      ],
      "id": 64
    },
    "65": {
      "name": "Plaza Italia",
      "firstAppearance": 23282,
      "lnglat": [
        -58.42108333333333,
        -34.581500000000005
      ],
      "id": 65
    },
    "66": {
      "name": "Plaza Miserere",
      "firstAppearance": 22968,
      "lnglat": [
        -58.40727777777778,
        -34.60991666666667
      ],
      "id": 66
    },
    "67": {
      "name": "Primera Junta",
      "firstAppearance": 22975,
      "lnglat": [
        -58.44144444444444,
        -34.62072222222222
      ],
      "id": 67
    },
    "68": {
      "name": "Puán",
      "firstAppearance": 24108,
      "lnglat": [
        -58.448611111111106,
        -34.623555555555555
      ],
      "id": 68
    },
    "69": {
      "name": "Pueyrredón",
      "firstAppearance": 23170,
      "lnglat": [
        -58.40530555555556,
        -34.60458333333334
      ],
      "id": 69
    },
    "70": {
      "name": "Pueyrredón",
      "firstAppearance": 23282,
      "lnglat": [
        -58.40252777777778,
        -34.59441666666667
      ],
      "id": 70
    },
    "71": {
      "name": "Retiro",
      "firstAppearance": 23234,
      "lnglat": [
        -58.374027777777776,
        -34.59125
      ],
      "id": 71
    },
    "72": {
      "name": "Río de Janeiro",
      "firstAppearance": 22972,
      "lnglat": [
        -58.42944444444444,
        -34.61522222222222
      ],
      "id": 72
    },
    "73": {
      "name": "Sáenz Peña",
      "firstAppearance": 22968,
      "lnglat": [
        -58.386805555555554,
        -34.60944444444445
      ],
      "id": 73
    },
    "74": {
      "name": "San José",
      "firstAppearance": 23334,
      "lnglat": [
        -58.38513888888889,
        -34.62233333333334
      ],
      "id": 74
    },
    "75": {
      "name": "San Juan",
      "firstAppearance": 23219,
      "lnglat": [
        -58.38,
        -34.621916666666664
      ],
      "id": 75
    },
    "76": {
      "name": "Scalabrini Ortiz",
      "firstAppearance": 23282,
      "lnglat": [
        -58.41597222222222,
        -34.585166666666666
      ],
      "id": 76
    },
    "77": {
      "name": "Tribunales",
      "firstAppearance": 23250,
      "lnglat": [
        -58.384055555555555,
        -34.60208333333333
      ],
      "id": 77
    },
    "78": {
      "name": "Tronador/Villa Ortúzar",
      "firstAppearance": 24044,
      "lnglat": [
        -58.46625,
        -34.584138888888894
      ],
      "id": 78
    },
    "79": {
      "name": "Uruguay",
      "firstAppearance": 23179,
      "lnglat": [
        -58.38725,
        -34.604055555555554
      ],
      "id": 79
    },
    "80": {
      "name": "Varela",
      "firstAppearance": 23831,
      "lnglat": [
        -58.45802777777778,
        -34.64
      ],
      "id": 80
    },
    "81": {
      "name": "Venezuela",
      "firstAppearance": 24094,
      "lnglat": [
        -58.40472222222222,
        -34.61525
      ],
      "id": 81
    }
  },
  "colors": {
    "A": "#00aedb",
    "B": "#ee1b2e",
    "C": "#0167b2",
    "D": "#008067",
    "E": "#6c2180",
    "H": "#ffd203"
  },
  "lineOrder": [
    "H",
    "A",
    "D",
    "E",
    "B",
    "C"
  ],
  "areaChartValues": [
    [
      {
        "months": 22968,
        "distance": 3347.085002723819
      },
      {
        "months": 22972,
        "distance": 5490.906424259667
      },
      {
        "months": 22975,
        "distance": 6749.447571529528
      },
      {
        "months": 23170,
        "distance": 13163.722518282906
      },
      {
        "months": 23179,
        "distance": 14223.811165585566
      },
      {
        "months": 23184,
        "distance": 15211.451324106052
      },
      {
        "months": 23219,
        "distance": 17758.32813307328
      },
      {
        "months": 23234,
        "distance": 19414.902217855397
      },
      {
        "months": 23250,
        "distance": 20534.63584277039
      },
      {
        "months": 23282,
        "distance": 25337.50558826516
      },
      {
        "months": 23334,
        "distance": 27580.472064172456
      },
      {
        "months": 23340,
        "distance": 28135.080951420958
      },
      {
        "months": 23596,
        "distance": 29156.585203666888
      },
      {
        "months": 23596,
        "distance": 30972.015770528207
      },
      {
        "months": 23682,
        "distance": 31655.937086416958
      },
      {
        "months": 23830,
        "distance": 32491.448085057455
      },
      {
        "months": 23830,
        "distance": 33442.70968756617
      },
      {
        "months": 23831,
        "distance": 34261.79621242696
      },
      {
        "months": 23837,
        "distance": 34732.227608132904
      },
      {
        "months": 23856,
        "distance": 35645.702256599136
      },
      {
        "months": 23969,
        "distance": 37529.8827585095
      },
      {
        "months": 23994,
        "distance": 38128.29813533583
      },
      {
        "months": 24004,
        "distance": 39041.029136371406
      },
      {
        "months": 24044,
        "distance": 40897.675777774835
      },
      {
        "months": 24094,
        "distance": 43940.3644790419
      },
      {
        "months": 24108,
        "distance": 45423.667719999474
      },
      {
        "months": 24132,
        "distance": 46016.127866248986
      },
      {
        "months": 24142,
        "distance": 46721.06538715735
      },
      {
        "months": 24161,
        "distance": 47405.48133478538
      },
      {
        "months": 24163,
        "distance": 48754.50135456097
      }
    ],
    [
      {
        "months": 22968,
        "distance": 3347.085002723819
      },
      {
        "months": 22972,
        "distance": 5490.906424259667
      },
      {
        "months": 22975,
        "distance": 6749.447571529528
      },
      {
        "months": 23170,
        "distance": 13163.722518282906
      },
      {
        "months": 23179,
        "distance": 14223.811165585566
      },
      {
        "months": 23184,
        "distance": 15211.451324106052
      },
      {
        "months": 23219,
        "distance": 17758.32813307328
      },
      {
        "months": 23234,
        "distance": 19414.902217855397
      },
      {
        "months": 23250,
        "distance": 20534.63584277039
      },
      {
        "months": 23282,
        "distance": 25337.50558826516
      },
      {
        "months": 23334,
        "distance": 27580.472064172456
      },
      {
        "months": 23340,
        "distance": 28135.080951420958
      },
      {
        "months": 23596,
        "distance": 29156.585203666888
      },
      {
        "months": 23596,
        "distance": 30972.015770528207
      },
      {
        "months": 23682,
        "distance": 31655.937086416958
      },
      {
        "months": 23830,
        "distance": 32491.448085057455
      },
      {
        "months": 23830,
        "distance": 33442.70968756617
      },
      {
        "months": 23831,
        "distance": 34261.79621242696
      },
      {
        "months": 23837,
        "distance": 34732.227608132904
      },
      {
        "months": 23856,
        "distance": 35645.702256599136
      },
      {
        "months": 23969,
        "distance": 37529.8827585095
      },
      {
        "months": 23994,
        "distance": 38128.29813533583
      },
      {
        "months": 24004,
        "distance": 39041.029136371406
      },
      {
        "months": 24044,
        "distance": 40897.675777774835
      },
      {
        "months": 24094,
        "distance": 40897.675777774835
      },
      {
        "months": 24108,
        "distance": 42380.97901873241
      },
      {
        "months": 24132,
        "distance": 42380.97901873241
      },
      {
        "months": 24142,
        "distance": 42380.97901873241
      },
      {
        "months": 24161,
        "distance": 42380.97901873241
      },
      {
        "months": 24163,
        "distance": 43729.999038508
      }
    ],
    [
      {
        "months": 22968,
        "distance": 3347.085002723819
      },
      {
        "months": 22972,
        "distance": 5490.906424259667
      },
      {
        "months": 22975,
        "distance": 6749.447571529528
      },
      {
        "months": 23170,
        "distance": 13163.722518282906
      },
      {
        "months": 23179,
        "distance": 14223.811165585566
      },
      {
        "months": 23184,
        "distance": 15211.451324106052
      },
      {
        "months": 23219,
        "distance": 17758.32813307328
      },
      {
        "months": 23234,
        "distance": 19414.902217855397
      },
      {
        "months": 23250,
        "distance": 20534.63584277039
      },
      {
        "months": 23282,
        "distance": 25337.50558826516
      },
      {
        "months": 23334,
        "distance": 25337.50558826516
      },
      {
        "months": 23340,
        "distance": 25337.50558826516
      },
      {
        "months": 23596,
        "distance": 25337.50558826516
      },
      {
        "months": 23596,
        "distance": 25337.50558826516
      },
      {
        "months": 23682,
        "distance": 25337.50558826516
      },
      {
        "months": 23830,
        "distance": 25337.50558826516
      },
      {
        "months": 23830,
        "distance": 25337.50558826516
      },
      {
        "months": 23831,
        "distance": 25337.50558826516
      },
      {
        "months": 23837,
        "distance": 25337.50558826516
      },
      {
        "months": 23856,
        "distance": 26250.980236731393
      },
      {
        "months": 23969,
        "distance": 28135.160738641756
      },
      {
        "months": 23994,
        "distance": 28733.57611546808
      },
      {
        "months": 24004,
        "distance": 29646.30711650366
      },
      {
        "months": 24044,
        "distance": 31502.953757907086
      },
      {
        "months": 24094,
        "distance": 31502.953757907086
      },
      {
        "months": 24108,
        "distance": 32986.25699886466
      },
      {
        "months": 24132,
        "distance": 32986.25699886466
      },
      {
        "months": 24142,
        "distance": 32986.25699886466
      },
      {
        "months": 24161,
        "distance": 32986.25699886466
      },
      {
        "months": 24163,
        "distance": 34335.27701864025
      }
    ],
    [
      {
        "months": 22968,
        "distance": 3347.085002723819
      },
      {
        "months": 22972,
        "distance": 5490.906424259667
      },
      {
        "months": 22975,
        "distance": 6749.447571529528
      },
      {
        "months": 23170,
        "distance": 13163.722518282906
      },
      {
        "months": 23179,
        "distance": 14223.811165585566
      },
      {
        "months": 23184,
        "distance": 15211.451324106052
      },
      {
        "months": 23219,
        "distance": 17758.32813307328
      },
      {
        "months": 23234,
        "distance": 19414.902217855397
      },
      {
        "months": 23250,
        "distance": 19414.902217855397
      },
      {
        "months": 23282,
        "distance": 19414.902217855397
      },
      {
        "months": 23334,
        "distance": 19414.902217855397
      },
      {
        "months": 23340,
        "distance": 19414.902217855397
      },
      {
        "months": 23596,
        "distance": 19414.902217855397
      },
      {
        "months": 23596,
        "distance": 19414.902217855397
      },
      {
        "months": 23682,
        "distance": 19414.902217855397
      },
      {
        "months": 23830,
        "distance": 19414.902217855397
      },
      {
        "months": 23830,
        "distance": 19414.902217855397
      },
      {
        "months": 23831,
        "distance": 19414.902217855397
      },
      {
        "months": 23837,
        "distance": 19414.902217855397
      },
      {
        "months": 23856,
        "distance": 19414.902217855397
      },
      {
        "months": 23969,
        "distance": 19414.902217855397
      },
      {
        "months": 23994,
        "distance": 19414.902217855397
      },
      {
        "months": 24004,
        "distance": 19414.902217855397
      },
      {
        "months": 24044,
        "distance": 21271.548859258823
      },
      {
        "months": 24094,
        "distance": 21271.548859258823
      },
      {
        "months": 24108,
        "distance": 22754.852100216398
      },
      {
        "months": 24132,
        "distance": 22754.852100216398
      },
      {
        "months": 24142,
        "distance": 22754.852100216398
      },
      {
        "months": 24161,
        "distance": 22754.852100216398
      },
      {
        "months": 24163,
        "distance": 24103.87211999199
      }
    ],
    [
      {
        "months": 22968,
        "distance": 3347.085002723819
      },
      {
        "months": 22972,
        "distance": 5490.906424259667
      },
      {
        "months": 22975,
        "distance": 6749.447571529528
      },
      {
        "months": 23170,
        "distance": 13163.722518282906
      },
      {
        "months": 23179,
        "distance": 14223.811165585566
      },
      {
        "months": 23184,
        "distance": 15211.451324106052
      },
      {
        "months": 23219,
        "distance": 15211.451324106052
      },
      {
        "months": 23234,
        "distance": 15211.451324106052
      },
      {
        "months": 23250,
        "distance": 15211.451324106052
      },
      {
        "months": 23282,
        "distance": 15211.451324106052
      },
      {
        "months": 23334,
        "distance": 15211.451324106052
      },
      {
        "months": 23340,
        "distance": 15211.451324106052
      },
      {
        "months": 23596,
        "distance": 15211.451324106052
      },
      {
        "months": 23596,
        "distance": 15211.451324106052
      },
      {
        "months": 23682,
        "distance": 15211.451324106052
      },
      {
        "months": 23830,
        "distance": 15211.451324106052
      },
      {
        "months": 23830,
        "distance": 15211.451324106052
      },
      {
        "months": 23831,
        "distance": 15211.451324106052
      },
      {
        "months": 23837,
        "distance": 15211.451324106052
      },
      {
        "months": 23856,
        "distance": 15211.451324106052
      },
      {
        "months": 23969,
        "distance": 15211.451324106052
      },
      {
        "months": 23994,
        "distance": 15211.451324106052
      },
      {
        "months": 24004,
        "distance": 15211.451324106052
      },
      {
        "months": 24044,
        "distance": 17068.097965509478
      },
      {
        "months": 24094,
        "distance": 17068.097965509478
      },
      {
        "months": 24108,
        "distance": 18551.401206467053
      },
      {
        "months": 24132,
        "distance": 18551.401206467053
      },
      {
        "months": 24142,
        "distance": 18551.401206467053
      },
      {
        "months": 24161,
        "distance": 18551.401206467053
      },
      {
        "months": 24163,
        "distance": 19900.421226242644
      }
    ],
    [
      {
        "months": 22968,
        "distance": 3347.085002723819
      },
      {
        "months": 22972,
        "distance": 5490.906424259667
      },
      {
        "months": 22975,
        "distance": 6749.447571529528
      },
      {
        "months": 23170,
        "distance": 6749.447571529528
      },
      {
        "months": 23179,
        "distance": 6749.447571529528
      },
      {
        "months": 23184,
        "distance": 6749.447571529528
      },
      {
        "months": 23219,
        "distance": 6749.447571529528
      },
      {
        "months": 23234,
        "distance": 6749.447571529528
      },
      {
        "months": 23250,
        "distance": 6749.447571529528
      },
      {
        "months": 23282,
        "distance": 6749.447571529528
      },
      {
        "months": 23334,
        "distance": 6749.447571529528
      },
      {
        "months": 23340,
        "distance": 6749.447571529528
      },
      {
        "months": 23596,
        "distance": 6749.447571529528
      },
      {
        "months": 23596,
        "distance": 6749.447571529528
      },
      {
        "months": 23682,
        "distance": 6749.447571529528
      },
      {
        "months": 23830,
        "distance": 6749.447571529528
      },
      {
        "months": 23830,
        "distance": 6749.447571529528
      },
      {
        "months": 23831,
        "distance": 6749.447571529528
      },
      {
        "months": 23837,
        "distance": 6749.447571529528
      },
      {
        "months": 23856,
        "distance": 6749.447571529528
      },
      {
        "months": 23969,
        "distance": 6749.447571529528
      },
      {
        "months": 23994,
        "distance": 6749.447571529528
      },
      {
        "months": 24004,
        "distance": 6749.447571529528
      },
      {
        "months": 24044,
        "distance": 6749.447571529528
      },
      {
        "months": 24094,
        "distance": 6749.447571529528
      },
      {
        "months": 24108,
        "distance": 8232.750812487104
      },
      {
        "months": 24132,
        "distance": 8232.750812487104
      },
      {
        "months": 24142,
        "distance": 8232.750812487104
      },
      {
        "months": 24161,
        "distance": 8232.750812487104
      },
      {
        "months": 24163,
        "distance": 8232.750812487104
      }
    ]
  ]
}